word,
wing,
head,
neck,
face,
beard,
hair,
eyelash,
eye,
mouth,
lip,
nose,
tooth,
ear,
tear drop,
tongue,
back,
toe,
finger,
foot,
hand,
leg,
arm,
shoulder,
heart,
blood,
brain,
knee,
sweat,
bone,
skin,
body,
elbow,
fold,
dog,
cat,
fish,
bird,
cow,
pig,
mammal,
chicken,
horse,
animal,
frog,
gecko,
lizard,
turtle,
rabbit,
parrot,
kitten,
mouse,
hamster,
crow,
pigeon,
owl,
hawk,
eagle,
vulture,
shrimp,
crab,
bee,
sheep,
turkey,
dove,
peacock,
sparrow,
goose,
stork,
salmon,
trout,
shark,
whale,
raven,
flamingo,
seagull,
ostrich,
swallow,
black bird,
penguin,
robin,
swan,
woodpecker,
squirrel,
chimpanzee,
koala,
mole,
elephant,
leopard,
hippopotamus,
giraffe,
fox,
coyote,
hedgehong,
deer,
ox,
lion,
panda,
walrus,
otter,
kangaroo,
goat,
monkey,
hippo,
hedgehog,
seal,
seahorse,
starfish,
jellyfish,
squid,
lobster,
pelican,
clam,
dolphin,
shell,
sea urchin,
anemone,
coral,
rat,
octopus,
wasp,
tire,
gasoline,
engine,
ticket,
city,
house,
apartment,
street,
road,
path,
airport,
train station,
bridge,
hotel,
restaurant,
farm,
court,
school,
office,
room,
town,
university,
club,
bar,
park,
camp,
store,
shop,
theater,
library,
hospital,
church,
market,
country,
building,
ground,
space,
bank,
location,
environment,
habitat,
sea,
ocean,
river,
mountain,
rain,
snow,
tree,
sun,
moon,
world,
earth,
forest,
sky,
plant,
wind,
soil,
flower,
valley,
root,
lake,
star,
grass,
leaf,
air,
sand,
beach,
wave,
fire,
ice,
island,
hill,
heat,
nature,
cave,
comet,
lava,
rock,
gem,
coast,
desert,
meadow,
volcano,
mushroom,
moss,
mud,
dirt,
pond,
waterfall,
cloud,
storm,
lightning,
thunder,
transportation,
train,
plane,
car,
truck,
bicycle,
bus,
boat,
ship,
hat,
dress,
suit,
tie,
skirt,
shirt,
bow,
pants,
shoe,
pocket,
coat,
sock,
underwear,
hood,
clothing,
umbrella,
stain,
temperature,
cold,
atom,
molecule,
cell,
son,
daughter,
mother,
father,
parent,
baby,
man,
woman,
brother,
sister,
family,
grandfather,
grandmother,
husband,
wife,
neighbor,
boy,
girl,
child,
adult,
human,
friend,
victim,
player,
fan,
crowd,
person,
babysitter,
elder,
youth,
sibling,
teacher,
student,
lawyer,
doctor,
patient,
waiter,
secretary,
priest,
police,
veteran,
soldier,
artist,
author,
manager,
reporter,
actor,
job,
engineer,
maker,
executive,
king,
queen,
president,
religion,
heaven,
hell,
death,
medicine,
money,
dollar,
bill,
marriage,
wedding,
team,
race,
ethnicity,
sex,
gender,
murder,
prison,
technology,
energy,
war,
peace,
attack,
election,
magazine,
newspaper,
poison,
gun,
sport,
race (sport),
exercise,
ball,
game,
price,
contract,
drug,
sign,
science,
god,
culture,
band,
song,
note (musical),
harmony,
discord,
melody,
musical instrument,
music,
movie,
art,
coffee,
tea,
wine,
beer,
juice,
water,
milk,
beverage,
egg,
cheese,
bread,
soup,
cake,
apple,
banana,
orange,
lemon,
corn,
rice,
oil,
seed,
breakfast,
lunch,
dinner,
sugar,
salt,
food,
knife,
spoon,
fork,
plate,
cup,
bottle,
stool,
table,
chair,
bed,
dream,
window,
door,
bedroom,
kitchen,
bathroom,
pencil,
pen,
photograph,
soap,
book,
page,
key,
paint,
letter,
note,
wall,
paper,
floor,
ceiling,
roof,
pool,
lock,
phone,
garden,
yard,
needle,
bag,
box,
gift,
card,
ring,
tool,
clock,
lamp,
network,
computer,
software,
laptop,
screen,
camera,
television,
radio,
voice,
glass,
metal,
plastic,
wood,
stone,
diamond,
clay,
dust,
gold,
copper,
silver,
material,
carbon,
meter,
centimeter,
kilogram,
inch,
pound,
half,
circle,
square,
triangle,
rectangle,
sphere,
cube,
weight,
edge,
corner,
map,
dot,
consonant,
vowel,
light,
sound,
piece,
injury,
hole,
image,
pattern,
disease,
pain,
top,
bottom,
side,
front,
outside,
inside,
straight,
north,
south,
east,
west,
direction,
summer,
spring,
winter,
fall,
season,
january,
february,
march,
april,
may,
june,
july,
august,
september,
october,
november,
december,
monday,
tuesday,
wednesday,
thursday,
friday,
saturday,
sunday,
year,
month,
week,
day,
night,
hour,
minute,
second,
millisecond,
date,
time,
it,
one,
new,
she,
two,
other,
most,
national,
state,
while,
can,
united,
many,
part,
film,
no,
being,
history,
work,
life,
following,
area,
people,
series,
name,
career,
album,
group,
district,
number,
high,
county,
company,
will,
league,
government,
international,
use,
college,
john,
station,
population,
public,
home,
end,
member,
place,
general,
if,
age,
system,
football,
british,
line,
local,
due,
service,
party,
century,
village,
major,
final,
show,
species,
main,
left,
order,
st,
single,
set,
education,
long,
still,
army,
division,
development,
law,
french,
community,
english,
original,
children,
million,
great,
form,
research,
us,
play,
council,
german,
record,
power,
land,
title,
support,
award,
period,
production,
white,
way,
make,
role,
region,
total,
championship,
list,
business,
western,
director,
married,
program,
association,
field,
black,
department,
point,
professional,
union,
few,
you,
young,
site,
royal,
force,
northern,
act,
society,
women,
design,
william,
version,
project,
men,
position,
board,
india,
france,
round,
railway,
open,
level,
control,
run,
australia,
video,
special,
win,
match,
release,
common,
battle,
hall,
event,
working,
james,
right,
average,
george,
example,
construction,
story,
living,
red,
language,
lead,
case,
addition,
result,
minister,
america,
route,
canada,
current,
present,
information,
health,
training,
class,
track,
good,
media,
museum,
australian,
style,
personal,
love,
germany,
province,
tour,
committee,
performance,
festival,
coach,
return,
centre,
official,
david,
process,
study,
europe,
institute,
stage,
term,
range,
chief,
character,
private,
leading,
help,
episode,
competition,
china,
robert,
japanese,
go,
tournament,
thomas,
news,
campaign,
independent,
model,
japan,
charles,
section,
capital,
kingdom,
close,
middle,
movement,
eight,
studio,
conference,
today,
grand,
canadian,
aircraft,
change,
organization,
management,
degree,
industry,
russian,
professor,
chinese,
action,
senior,
green,
big,
success,
writing,
base,
data,
post,
primary,
female,
beginning,
type,
tv,
saw,
paul,
republic,
size,
native,
theatre,
bay,
prior,
natural,
active,
future,
italian,
africa,
put,
structure,
michael,
possible,
henry,
start,
collection,
regular,
interest,
leader,
trade,
goal,
officer,
operation,
novel,
staff,
standard,
commission,
parliament,
hit,
governor,
low,
assembly,
course,
commercial,
foundation,
channel,
property,
unit,
annual,
command,
plan,
blue,
highway,
practice,
security,
income,
access,
brown,
peter,
individual,
richard,
victory,
opening,
past,
report,
press,
find,
background,
policy,
administration,
mark,
captain,
basketball,
edition,
move,
legal,
test,
appearance,
rest,
complex,
seat,
majority,
loss,
review,
empire,
mission,
italy,
writer,
fact,
mexico,
thought,
recording,
give,
feature,
cross,
smith,
sir,
status,
chart,
theory,
greek,
source,
issue,
evidence,
meeting,
congress,
port,
variety,
lord,
particular,
word,
relationship,
castle,
mary,
parish,
decision,
score,
cover,
singer,
need,
upper,
length,
rate,
justice,
junior,
turn,
temple,
era,
van,
deal,
increase,
shot,
care,
fight,
engineering,
chairman,
fellow,
bishop,
plot,
experience,
prince,
dance,
effect,
cast,
male,
surface,
influence,
subject,
creek,
baseball,
assistant,
response,
fifth,
producer,
joseph,
spain,
branch,
champion,
cost,
meaning,
heavy,
minor,
russia,
view,
distribution,
poland,
attempt,
border,
territory,
digital,
hockey,
politician,
article,
transport,
vote,
might,
prize,
specific,
authority,
housing,
cause,
serve,
leave,
call,
edward,
rule,
ministry,
tower,
master,
facilities,
rugby,
reception,
whole,
journal,
physical,
martin,
mayor,
description,
function,
pass,
estate,
value,
literature,
growth,
speed,
flight,
drama,
defense,
commander,
idea,
formation,
label,
scene,
corporation,
percent,
dead,
settlement,
reserve,
agreement,
treatment,
produce,
dark,
initial,
hot,
code,
host,
emperor,
candidate,
quality,
racing,
avenue,
lack,
basis,
lee,
leadership,
editor,
activity,
format,
politics,
judge,
cut,
focus,
winner,
capacity,
mass,
opera,
architecture,
positive,
register,
grade,
keep,
meet,
entertainment,
equipment,
potential,
economy,
crew,
reach,
method,
jack,
jones,
product,
asia,
stop,
trial,
attention,
drive,
protection,
exchange,
ability,
concept,
defeat,
charge,
analysis,
join,
agency,
gas,
double,
distance,
approach,
morning,
amount,
guitar,
hold,
polish,
actress,
firm,
heritage,
safety,
travel,
tax,
iron,
density,
problem,
figure,
cricket,
block,
israel,
impact,
pressure,
frank,
teaching,
joint,
color,
climate,
independence,
knowledge,
traffic,
feet,
account,
pay,
deputy,
geography,
content,
rose,
creation,
platform,
presence,
draft,
iran,
draw,
tom,
spread,
guard,
concert,
damage,
opposition,
household,
rail,
zone,
revolution,
text,
origin,
fine,
lady,
facility,
share,
pop,
offer,
unique,
birth,
painting,
deep,
representative,
nation,
split,
learning,
beyond,
reading,
owner,
grant,
machine,
freedom,
santa,
promotion,
constitution,
cemetery,
mile,
labour,
theme,
finish,
effort,
tradition,
publication,
swedish,
purpose,
palace,
elizabeth,
alternative,
cancer,
internet,
crime,
joe,
funding,
pakistan,
interview,
generation,
situation,
couple,
category,
challenge,
brazil,
convention,
bronze,
volume,
billion,
reason,
visit,
korea,
read,
classic,
supply,
labor,
break,
look,
transfer,
agent,
memory,
orchestra,
reference,
steel,
gallery,
programme,
simple,
mike,
claim,
audience,
trust,
necessary,
billboard,
secret,
search,
surname,
guest,
peak,
korean,
normal,
retirement,
exhibition,
expansion,
conflict,
rank,
personnel,
risk,
application,
effective,
crown,
interior,
partner,
stock,
federation,
cd,
kind,
oxford,
philosophy,
brand,
poetry,
soccer,
choice,
sense,
intelligence,
graduate,
alliance,
miss,
yellow,
entry,
phase,
fund,
recognition,
maximum,
sector,
defence,
rise,
internal,
lot,
factory,
setting,
matter,
bowl,
treaty,
vehicle,
bad,
investigation,
quarter,
beat,
fiction,
establishment,
stay,
daniel,
bob,
architect,
criminal,
identity,
bureau,
condition,
existence,
let,
speech,
contact,
question,
mobile,
aid,
mill,
bass,
contest,
enemy,
taylor,
connection,
canal,
pilot,
maria,
pair,
circuit,
co,
composition,
core,
believe,
stand,
entrance,
escape,
display,
mexican,
count,
height,
norwegian,
passenger,
target,
survey,
chapel,
cathedral,
nothing,
kill,
scale,
standing,
reform,
importance,
selection,
composer,
tennis,
carry,
agriculture,
violence,
failure,
external,
piano,
communication,
ceremony,
manchester,
christmas,
institution,
journalist,
loan,
hundred,
introduction,
incident,
bell,
signal,
invasion,
resistance,
sale,
advance,
fuel,
poet,
rich,
opportunity,
conservation,
shape,
chemical,
fashion,
investment,
mind,
philippines,
motor,
motion,
vietnam,
budget,
comic,
historian,
extension,
lewis,
partnership,
tony,
chamber,
mine,
residence,
trail,
downtown,
negative,
visual,
ad,
try,
flow,
gene,
weather,
picture,
statement,
equal,
save,
task,
web,
flag,
strength,
organisation,
spot,
evening,
hope,
crisis,
turkish,
spirit,
address,
coal,
chapter,
anniversary,
cabinet,
formula,
driver,
membership,
protein,
session,
talk,
purchase,
chance,
duty,
gain,
combination,
formal,
controversy,
reality,
egypt,
credit,
chain,
reaction,
discovery,
criticism,
factor,
decade,
strike,
folk,
cycle,
brief,
link,
brian,
emergency,
finance,
progress,
device,
demand,
row,
greece,
opposite,
dry,
appeal,
musician,
assistance,
swiss,
driving,
lane,
behavior,
associate,
faith,
understanding,
advantage,
landing,
request,
scheme,
simon,
sequence,
worth,
accident,
golf,
contrast,
insurance,
economics,
creative,
responsibility,
replace,
legislation,
ownership,
trip,
flat,
painter,
colony,
ray,
measure,
step,
difference,
equivalent,
object,
marketing,
arrival,
sell,
relief,
ukrainian,
respect,
broad,
strategy,
separated,
resolution,
argentina,
beautiful,
relative,
testing,
occupation,
storage,
vision,
coalition,
anthony,
physics,
soul,
fighter,
christ,
magic,
fired,
princess,
acid,
journey,
iraq,
guide,
fishing,
schedule,
technique,
solution,
feel,
charter,
debate,
steam,
grey,
childhood,
opinion,
context,
watch,
swimming,
prepared,
brick,
definition,
replacement,
bear,
frame,
coverage,
tank,
temporary,
tell,
shore,
satellite,
finding,
threat,
expression,
boundary,
message,
script,
whereas,
reputation,
instance,
alan,
constant,
critic,
limit,
thing,
cable,
laboratory,
ukraine,
employment,
element,
cinema,
raise,
user,
poem,
depression,
decline,
initiative,
walk,
planet,
charity,
tunnel,
kevin,
domain,
surgery,
participation,
proposal,
benefit,
appointment,
universe,
maintenance,
anything,
basin,
frequency,
involvement,
landscape,
completion,
gate,
mode,
malaysia,
conduct,
uncle,
safe,
suicide,
truth,
advertising,
margaret,
drawing,
summit,
manner,
speaker,
talent,
designer,
representation,
indonesia,
illegal,
bush,
makeup,
secure,
stream,
revenue,
spiritual,
output,
minimum,
moment,
solid,
net,
medium,
column,
thousand,
colour,
extreme,
index,
bond,
feed,
license,
option,
penalty,
vessel,
sarah,
fly,
approval,
romania,
resident,
fruit,
arrest,
concern,
merchant,
scholar,
panel,
document,
jane,
weekend,
departure,
depth,
favor,
processing,
assault,
battery,
pick,
knight,
file,
passage,
exception,
hero,
beauty,
fear,
transition,
evolution,
cousin,
chemistry,
transmission,
abroad,
ratio,
contribution,
print,
achievement,
significance,
christopher,
spending,
harbor,
assist,
personality,
hearing,
destruction,
giant,
taiwan,
cash,
organ,
extent,
lay,
mix,
un,
hurricane,
wear,
struggle,
sculpture,
ride,
buy,
percentage,
absence,
donald,
instrument,
component,
crash,
gang,
drop,
throne,
thailand,
fantasy,
evil,
belgian,
regime,
symbol,
oak,
shopping,
roll,
electricity,
desire,
protest,
segment,
principle,
jeff,
abuse,
bomb,
gray,
publisher,
jury,
behalf,
minority,
jason,
guy,
possession,
graham,
string,
bit,
stable,
bangladesh,
psychology,
relation,
concentration,
balance,
mechanism,
birthday,
afghanistan,
plain,
subsidiary,
volunteer,
advice,
possibility,
businessman,
sentence,
mall,
belief,
aim,
romanian,
strip,
tail,
summary,
venture,
dispute,
gap,
hunt,
cook,
conversion,
reduction,
rifle,
biology,
ferry,
amendment,
forum,
persian,
guilty,
occasion,
operator,
acquisition,
aftermath,
cattle,
affair,
timber,
mail,
portrait,
democracy,
qualification,
holiday,
bid,
carrier,
mention,
pitch,
illness,
remove,
enterprise,
preparation,
arrangement,
horror,
volleyball,
baker,
delivery,
discussion,
recovery,
belt,
resort,
conclusion,
uniform,
weapon,
vast,
submarine,
wheel,
funeral,
till,
debt,
copy,
soft,
margin,
interpretation,
scope,
expert,
jump,
lifetime,
cotton,
waste,
consumer,
layer,
shift,
villa,
framework,
hip,
citizen,
exposure,
repair,
sweet,
barbara,
fee,
thanks,
permission,
nigeria,
beetle,
intention,
select,
liberty,
remote,
calendar,
distinction,
wealth,
dragon,
pole,
manufacturer,
regulation,
angel,
chess,
tourist,
alcohol,
democrat,
feeling,
usual,
cap,
valuable,
disaster,
therapy,
angle,
favour,
syria,
grammar,
sing,
assessment,
profile,
improvement,
raw,
closure,
sample,
shield,
pan,
telephone,
attendance,
awareness,
radar,
comparison,
autumn,
procedure,
welfare,
argument,
exit,
crystal,
pink,
peru,
execution,
celebration,
bengal,
spend,
scientist,
flood,
fun,
bonus,
ordinary,
armenian,
colombia,
removal,
lie,
slave,
answer,
characteristic,
meat,
stress,
poll,
perspective,
physician,
warning,
friendship,
affect,
missile,
atmosphere,
tone,
experiment,
resource,
emphasis,
touch,
objective,
opponent,
nepal,
defender,
examination,
pine,
saudi,
wolf,
stem,
parking,
instruction,
hardware,
ghost,
ref,
rocket,
teach,
variable,
declaration,
collapse,
phrase,
aside,
rabbi,
sum,
error,
parade,
deck,
installation,
variation,
curriculum,
consumption,
consist,
raid,
athlete,
efficiency,
earthquake,
innovation,
drum,
difficulty,
trouble,
ideal,
interaction,
input,
chancellor,
ask,
sort,
widow,
prayer,
editorial,
wish,
integration,
jail,
database,
dialogue,
mosque,
equation,
afternoon,
anime,
diet,
craft,
aspect,
helen,
random,
specialist,
noise,
switch,
kenya,
palm,
verse,
wake,
fill,
mystery,
gear,
liquid,
certificate,
surprise,
gauge,
payment,
unity,
blind,
detail,
nephew,
ski,
danger,
load,
engagement,
axis,
shadow,
grandson,
interface,
susan,
notice,
shoot,
sleep,
observation,
leo,
hop,
rush,
custom,
tube,
worker,
bull,
airline,
steven,
presentation,
warm,
oxygen,
boss,
catch,
fortune,
sword,
package,
signature,
behaviour,
tape,
fate,
tiger,
tale,
photo,
survival,
proof,
spectrum,
venezuela,
citizenship,
prisoner,
pit,
spell,
separation,
circulation,
virus,
workshop,
eat,
bench,
acoustic,
farmer,
identification,
teeth,
divorce,
graphic,
dependent,
commitment,
rhythm,
mixture,
bath,
employee,
tissue,
jet,
handle,
beam,
cork,
discrimination,
voyage,
registration,
guidance,
purple,
pride,
cult,
requirement,
witness,
tip,
mirror,
rough,
announcement,
helicopter,
pace,
shock,
shelter,
rebel,
stability,
drink,
passion,
provision,
punishment,
thesis,
clerk,
merit,
protocol,
receiver,
familiar,
logic,
bin,
compensation,
transformation,
wire,
killer,
muscle,
self,
furniture,
customer,
bowling,
lab,
detective,
interactive,
mercury,
infection,
treat,
divorced,
attraction,
export,
dawn,
confidence,
horn,
arabia,
decrease,
laura,
lift,
dancer,
check,
sight,
permit,
server,
platinum,
attitude,
promise,
entity,
stroke,
phenomenon,
reveal,
explosion,
discipline,
congo,
consequence,
kick,
trend,
duration,
arch,
delay,
stretch,
supporter,
ghana,
nancy,
currency,
topic,
grain,
mineral,
profit,
skill,
confusion,
marble,
wait,
hub,
rape,
evaluation,
profession,
monitor,
reader,
developer,
lisa,
push,
dozen,
imprisonment,
taste,
kiss,
hydrogen,
client,
violin,
fraud,
consent,
bat,
vinyl,
copyright,
zoo,
cent,
probability,
cuban,
admission,
shrine,
pastor,
curve,
sheet,
cartoon,
doubt,
midnight,
inspector,
corridor,
plantation,
boom,
diploma,
cannon,
treasury,
ronald,
creator,
motorcycle,
pack,
ruth,
clothes,
assignment,
diving,
servant,
nest,
equity,
snake,
conversation,
forever,
inquiry,
withdrawal,
explanation,
essay,
morocco,
lover,
estimate,
counter,
stake,
fat,
outcome,
consideration,
certification,
basement,
hypothesis,
girlfriend,
kenneth,
joy,
invitation,
diagnosis,
sensitive,
judgment,
kid,
dictionary,
salary,
priority,
arctic,
recover,
implement,
snail,
substance,
breast,
convert,
cliff,
quiet,
nurse,
smoke,
barrier,
cream,
uganda,
pollution,
lecture,
rubber,
blog,
surgeon,
sick,
availability,
swing,
oval,
skull,
millennium,
pipe,
glory,
proportion,
sudan,
kit,
idol,
math,
clinic,
cyclone,
bomber,
measurement,
cooking,
burn,
notion,
holder,
accuracy,
porter,
wilderness,
app,
garage,
item,
wonder,
researcher,
machinery,
tune,
geology,
tension,
spite,
quit,
crop,
geometry,
acceptance,
capability,
quest,
disk,
trace,
welcome,
linda,
ore,
spy,
chest,
ash,
brass,
fault,
tackle,
respond,
accommodation,
log,
dock,
rod,
continent,
pull,
dimension,
climb,
jennifer,
den,
keyboard,
silk,
carol,
licence,
sail,
portfolio,
trainer,
innocent,
prospect,
coin,
mask,
clause,
perception,
mate,
bike,
devil,
troop,
betty,
conviction,
statute,
invention,
jam,
prosecution,
leather,
classroom,
trunk,
fountain,
collector,
slope,
bend,
pension,
comment,
correspondent,
burma,
ethiopia,
pupil,
diary,
particle,
blow,
subway,
treasure,
combine,
pregnancy,
pub,
archaeology,
fail,
hammer,
feast,
complexity,
countryside,
loyalty,
karen,
anywhere,
hide,
tornado,
wound,
algeria,
polo,
aunt,
inspection,
handball,
dorothy,
blade,
savings,
starter,
stick,
unemployment,
rent,
tough,
pet,
barn,
adviser,
sin,
algebra,
cherry,
crazy,
toy,
hurt,
dish,
pleasure,
expense,
liver,
sociology,
harm,
impression,
brilliant,
infant,
divide,
darkness,
maple,
humor,
fur,
tin,
expertise,
catalogue,
cylinder,
terrace,
carpenter,
quantity,
hook,
tide,
silence,
disability,
carriage,
gather,
fabric,
assumption,
cage,
lung,
ideology,
drag,
routine,
skiing,
exam,
duck,
ease,
olive,
nerve,
powder,
arrow,
mistake,
myth,
pump,
anger,
wage,
colleague,
asset,
chef,
chip,
competitor,
strain,
patch,
listen,
tendency,
preference,
button,
reward,
rainbow,
alphabet,
highlight,
filter,
leisure,
precipitation,
tanzania,
tragedy,
suspect,
spare,
riot,
funny,
berry,
stamp,
courage,
witch,
visitor,
suggestion,
feedback,
bitter,
bibliography,
dedication,
myanmar,
recommendation,
teenager,
honey,
astronomy,
repeat,
specification,
compromise,
drake,
cloth,
badge,
gateway,
virtue,
hate,
agenda,
stance,
spider,
dealer,
boyfriend,
tonight,
yacht,
employer,
porch,
complaint,
triumph,
prose,
creature,
conception,
cure,
collision,
michelle,
comfort,
employ,
beast,
nucleus,
vault,
chocolate,
isolation,
resolve,
somewhere,
vacuum,
spokesman,
counterpart,
anthropology,
cement,
mice,
theft,
comfortable,
reflection,
luck,
columnist,
taxi,
trustee,
sharon,
determination,
import,
timing,
hierarchy,
mortality,
mood,
transaction,
premium,
steal,
cry,
inventory,
fiber,
softball,
swim,
trick,
icon,
rope,
patricia,
participant,
interval,
antarctica,
bet,
analyst,
horizon,
cafe,
fence,
insight,
pin,
anatomy,
deposit,
pyramid,
sad,
lily,
lumber,
meal,
echo,
voter,
guarantee,
modification,
hay,
hire,
disposal,
frost,
concentrate,
typhoon,
builder,
fin,
beaver,
sunshine,
aluminum,
passive,
tenor,
gym,
funk,
processor,
drunk,
inflation,
container,
pike,
slide,
bark,
burden,
spike,
node,
ambulance,
stuff,
iris,
sailor,
encyclopedia,
candy,
essence,
pot,
throat,
panic,
nitrogen,
nobody,
deficit,
flame,
mint,
donna,
canvas,
venezuelan,
swamp,
flute,
premise,
shorts,
investor,
anxiety,
wool,
verdict,
liability,
refusal,
banker,
acre,
lyric,
desk,
flesh,
boot,
maybe,
colt,
kidney,
imagination,
aluminium,
motivation,
cone,
hang,
brave,
helmet,
norm,
ink,
alto,
chord,
buddy,
pedestrian,
blame,
apparatus,
uncertainty,
twist,
vein,
advertisement,
pepper,
refuse,
dive,
necessity,
fix,
vacation,
skeleton,
drill,
mortgage,
fraction,
lamb,
calm,
niece,
granddaughter,
stomach,
alley,
beef,
joke,
outline,
brake,
directory,
multimedia,
monopoly,
shortage,
punch,
dash,
habit,
indication,
allocation,
soprano,
plenty,
resist,
archer,
barber,
emission,
deadline,
emotion,
accent,
nursery,
ladder,
illustration,
grape,
discourse,
tomorrow,
turret,
shade,
airplane,
cord,
orchid,
defendant,
crush,
jaw,
canoe,
basket,
productivity,
ceramic,
privilege,
enthusiasm,
stranger,
insect,
handicap,
trumpet,
willow,
confirmation,
burst,
balloon,
staircase,
elevator,
zinc,
offence,
audit,
guilt,
dose,
bacon,
jacket,
font,
doom,
bamboo,
reply,
amusement,
dear,
grocery,
alarm,
fog,
exhaust,
blank,
solicitor,
texture,
hut,
liquor,
slip,
restriction,
drain,
botany,
saxophone,
ankle,
violet,
diagram,
ruin,
whip,
obligation,
printer,
bolt,
doll,
tempo,
disappointment,
flexibility,
weakness,
sauce,
distributor,
bean,
babies,
bubble,
tent,
brush,
thread,
menu,
playground,
tap,
capitalism,
friction,
calculation,
grip,
vegetable,
tear,
potato,
smile,
gentleman,
daisy,
satisfaction,
pizza,
peripheral,
carpet,
supplier,
ant,
cello,
collar,
recorder,
surround,
chin,
sandra,
quote,
skate,
dinosaur,
wax,
crack,
butter,
maid,
viola,
judo,
breath,
flavor,
indicator,
sink,
spark,
bail,
uzbekistan,
dig,
textbook,
dressing,
dad,
wash,
tenant,
shelf,
supermarket,
bug,
sympathy,
curtain,
shareholder,
sack,
ambition,
pie,
grenade,
panther,
nickel,
spine,
birch,
apology,
hello,
alloy,
ton,
caution,
plaster,
toilet,
humour,
velvet,
recession,
smash,
roadway,
seller,
karate,
sandwich,
buffer,
packet,
thumb,
squash,
lesson,
weird,
trader,
pork,
mess,
twilight,
axe,
samurai,
deborah,
motive,
tsunami,
scratch,
practitioner,
mechanic,
paperback,
gram,
shake,
harp,
butcher,
assurance,
seminar,
turnover,
pad,
headline,
shine,
jewel,
probation,
inevitable,
pile,
cart,
humidity,
garbage,
tile,
clarinet,
tractor,
expenditure,
kitty,
gesture,
bite,
jaguar,
smell,
shame,
cod,
bracket,
straw,
arithmetic,
screw,
cigarette,
guess,
streetcar,
booklet,
retailer,
buyer,
laugh,
bunch,
clown,
forecast,
asphalt,
diver,
expectation,
tow,
pamphlet,
cancel,
authorization,
envelope,
chalk,
buzz,
nightmare,
accountant,
champagne,
justification,
casualty,
negotiation,
attic,
shin,
clutch,
spear,
recipe,
adjustment,
gum,
airbus,
glider,
tanker,
worm,
preface,
periodical,
psychiatrist,
regret,
fool,
pest,
spray,
coil,
caravan,
coke,
invite,
spruce,
freeze,
gong,
discretion,
calculus,
disadvantage,
bakery,
parcel,
policeman,
discount,
technician,
incentive,
daddy,
salesman,
mom,
barge,
hail,
revolver,
poultry,
postage,
excitement,
wrist,
delight,
whistle,
ingredient,
magician,
microwave,
quartz,
fibre,
knot,
paste,
heel,
trash,
limitation,
fig,
worry,
shower,
backbone,
mold,
dare,
neon,
broker,
laundry,
zoology,
hedge,
gemini,
brace,
camel,
impulse,
rig,
beech,
neighbour,
clue,
herring,
pentagon,
whiskey,
soda,
anybody,
stupid,
click,
thatcher,
nut,
feather,
jumper,
allowance,
bestseller,
litter,
upstairs,
cellar,
follower,
dungeon,
nail,
oyster,
methane,
baritone,
weed,
fender,
banjo,
dump,
foam,
siberian,
lan,
doorway,
paragraph,
bucket,
lynx,
gymnast,
claus,
grab,
plaintiff,
epoch,
fir,
fist,
patience,
thistle,
waist,
parentheses,
kilometer,
felony,
veil,
blanket,
helium,
donkey,
excuse,
kin,
onion,
appendix,
lifespan,
rayon,
wedge,
flu,
mosquito,
titanium,
kite,
pavement,
forehead,
lace,
rip,
toad,
objection,
colon,
octave,
vegetarian,
blizzard,
silly,
glove,
remark,
impress,
rotate,
flock,
crocodile,
grill,
fang,
decimal,
cocoa,
apparel,
harmonica,
fireplace,
dip,
trousers,
reminder,
cocktail,
mustard,
insulation,
vendor,
fisherman,
cactus,
tomato,
constraint,
chick,
eel,
linen,
candle,
ping,
craftsman,
ethernet,
moat,
temper,
glad,
closet,
vase,
bladder,
raft,
biplane,
scorpion,
cheek,
himalayan,
yesterday,
trombone,
calf,
mist,
oven,
jeans,
claw,
jeep,
guatemalan,
whorl,
lid,
tailor,
accelerator,
poppy,
heron,
gorilla,
subsidy,
accordion,
jar,
bumper,
partridge,
bulb,
wrap,
cub,
garlic,
teller,
cereal,
geese,
badger,
tuna,
scent,
perch,
hardcover,
bait,
jasmine,
cardboard,
vow,
dentist,
clover,
soy,
carp,
crook,
receipt,
slash,
gliding,
slice,
pause,
prompt,
fertilizer,
mandolin,
cookie,
syrup,
couch,
implication,
hamburger,
manx,
antelope,
hint,
allegation,
emery,
nasty,
seaplane,
rib,
atm,
airship,
brandy,
warmth,
enquiry,
quotation,
salad,
hose,
perfume,
freighter,
riddle,
caterpillar,
hen,
dessert,
wren,
reindeer,
fiberglass,
instinct,
stepmother,
symptom,
notebook,
jelly,
stove,
condor,
sunflower,
pendulum,
thigh,
kimberly,
celsius,
yarn,
ape,
siamese,
sidewalk,
sturgeon,
vest,
peanut,
cabbage,
silica,
recess,
ornament,
pharmacist,
pastry,
meteorology,
rooster,
intestine,
forgery,
nylon,
oboe,
zebra,
circumstance,
fragrance,
sponge,
pillow,
glue,
sausage,
plywood,
dew,
kettle,
sweets,
chill,
tortoise,
clipper,
adapter,
grease,
radiator,
puppy,
toast,
cougar,
flare,
puma,
interviewer,
appliance,
rag,
taurus,
waitress,
disgust,
pea,
alligator,
fairies,
locust,
hallway,
hemp,
grasshopper,
orb,
thrill,
statistic,
dividend,
pear,
dashboard,
pumpkin,
fortnight,
hobbies,
cloudy,
latex,
acrylic,
scanner,
neat,
almanac,
rake,
comb,
shoemaker,
youngster,
yam,
nic,
pasta,
stitch,
thunderstorm,
yew,
latency,
modem,
lute,
shingle,
scooter,
loaf,
piccolo,
timer,
rhinoceros,
snowboarding,
calculator,
hurry,
flax,
tulip,
dragonfly,
sycamore,
blur,
galley,
jug,
plough,
paw,
bugle,
gallon,
digestion,
tuba,
sled,
spaghetti,
stew,
notify,
bun,
asterisk,
numeric,
delete,
mallet,
cornet,
glance,
revolve,
cheetah,
quill,
caption,
steak,
weasel,
hug,
dime,
windshield,
cough,
tray,
bra,
kayak,
porcupine,
scissors,
refrigerator,
roast,
tub,
equinox,
celeste,
octagon,
kamikaze,
router,
veterinarian,
curl,
wallet,
carrot,
bongo,
quail,
grouse,
spade,
suck,
jumbo,
patio,
scarecrow,
tramp,
fireman,
diaphragm,
creditor,
archeology,
mum,
cushion,
satin,
albatross,
bother,
beret,
scarf,
fahrenheit,
cheque,
aries,
clef,
balinese,
stepson,
guideline,
stocking,
popcorn,
beet,
gazelle,
gondola,
yogurt,
bead,
homework,
seashore,
soybean,
digger,
zephyr,
conifer,
spleen,
bassoon,
timpani,
pvc,
laborer,
debtor,
beggar,
authorisation,
shovel,
refund,
buffet,
jute,
alibi,
sofa,
woolen,
scorpio,
kale,
yugoslavian,
cracker,
bake,
lilac,
icebreaker,
slime,
pancreas,
polyester,
ounce,
yoke,
pantry,
leek,
towel,
firewall,
fowl,
dinghy,
pheasant,
girdle,
chauffeur,
lettuce,
rug,
sushi,
footnote,
cardigan,
rub,
crayfish,
pancake,
quilt,
cucumber,
brochure,
propane,
virgo,
bathtub,
lipstick,
noodle,
dugout,
comma,
aquarius,
buzzard,
beginner,
acknowledgment,
sailboat,
denim,
cherries,
dill,
moustache,
drawer,
capricorn,
ellipse,
pickle,
windscreen,
dahlia,
jogging,
sundial,
slipper,
plow,
brow,
nap,
crate,
curler,
sweater,
dresser,
lemonade,
lathe,
tugboat,
tabletop,
crib,
clap,
hyacinth,
swordfish,
cirrus,
wrench,
drawbridge,
dryer,
narcissus,
goldfish,
stepdaughter,
sprout,
burglar,
carnation,
epoxy,
millimeter,
cormorant,
bobcat,
haircut,
spinach,
riverbed,
gosling,
snowstorm,
gander,
custard,
armadillo,
hoe,
navel,
stinger,
bonsai,
pediatrician,
lyre,
suede,
cupboard,
fuzz,
freezer,
snowman,
blouse,
blob,
zipper,
cuticle,
hexagon,
ophthalmologist,
broccoli,
twig,
hyena,
exclamation,
hovercraft,
sidecar,
minibus,
asparagus,
ketchup,
larch,
cymbal,
watchmaker,
toothpaste,
pint,
armchair,
headlight,
wholesaler,
crayon,
catamaran,
marimba,
bulldozer,
trigonometry,
kendo,
hourglass,
thermometer,
wallaby,
yak,
washer,
cockroach,
chime,
shampoo,
taxicab,
celery,
relish,
shears,
eyelid,
libra,
newsprint,
mailbox,
puffin,
bagpipe,
airmail,
barometer,
cicada,
motorboat,
snowflake,
hygienic,
mayonnaise,
tights,
semicircle,
locket,
chard,
rainstorm,
llama,
eggplant,
abyssinian,
eyebrow,
sagittarius,
screwdriver,
fridge,
pisces,
vibraphone,
invoice,
beep,
quince,
baboon,
crocus,
overcoat,
xylophone,
landmine,
macaroni,
twine,
mimosa,
oatmeal,
panties,
tadpole,
quicksand,
outrigger,
conga,
clave,
radish,
mascara,
newsstand,
surfboard,
cauliflower,
turnip,
bagel,
sardine,
daffodil,
halibut,
geranium,
pansy,
quiver,
mailman,
duckling,
trapezoid,
dibble,
wrinkle,
angora,
parallelogram,
euphonium,
peony,
glockenspiel,
toothbrush,
napkin,
lier,
sleet,
chronometer,
scraper,
quart,
pajama,
lotion,
aardvark,
okra,
dimple,
afterthought,
underpants,
tachometer,
pail,
speedboat,
ptarmigan,
butane,
milkshake,
rowboat,
sweatshirt,
ocelot,
armpit,
sweatshop,
drizzle,
bandana,
icicle,
hacksaw,
vise,
lunge,
cupcake,
sneeze,
anteater,
cowbell,
flugelhorn,
hydrofoil,
raincoat,
cobweb,
lentil,
cultivator,
hydrant,
bookcase,
begonia,
playroom,
wrecker,
odometer,
mitten,
spandex,
utensil,
faucet,
ashtray,
deodorant,
ladybug,
chicory,
pimple,
stopwatch,
semicolon,
beautician,
ferryboat,
frown,
trowel,
cloakroom,
gladiolus,
dredger,
croissant,
viscose,
parsnip,
plasterboard,
vermicelli,
foxglove,
pantyhose,
knickers,
ikebana,
bangle,
panty,
lunchroom,
cappelletti,
snowplow,
tablecloth,
sideboard,
lasagna,
shallot,
eggnog,
sampan,
lycra,
freon,
sousaphone,
gearshift,
eyeliner,
scallion,
mattock,
dogsled,
pyjama,
hardboard,
ravioli,
manicure,
unshielded,
undershirt,
toenail,
rutabaga,
blinker,
sphynx,
dietician,
ramie,
dipstick,
hubcap,
edger,
maraca,
blowgun,
passbook,
aftershave,
freckle,
postbox,
castanet,
seeder,
keyboarding,
kettledrum,
chive,
pruner,
peen,
underclothes,
tortellini,
timbale,
muze,
kohlrabi,
hardhat,
handsaw,
lyocell,
crawdad,
weeder,
plier,
windchime,
bankbook,
macrame,
softdrink,
oil,
