sentence,translation
We hear children.,אנחנו שומעים ילדים.
The leaf is green.,העלה הוא ירוק
You see red dirt.,אתה רואה עפר אדמה אדום.
The small child jumps.,הילד הקטן קופץ.
My parents are here.,ההורים שלי כאן.
What is the year?,איזו שנה זאת?
I have a good family.,יש לי משפחה טובה.
There are two fruits.,יש שני פירות.
This leaf is small and green.,העלה הזה הוא קטן וירוק.
My sibling is home again.,אחי שוב בבית.
The white rock moves.,הסלע הלבן זז.
Are you calm today?,האם אתה רגוע היום?
Find the purple fruit!,תמצא את הפרי הסגול!
Who is your sibling?,מי זה אחיך?
I am behind the tree.,אני מאחורי העץ.
The dirt is black.,עפר האדמה הוא שחור.
Can you see us?,האם אתה יכול לראות אותנו?
They cannot hear you.,הם לא יכולים לשמוע אותך.
Jump three times.,קפוץ שלוש פעמים.
Find it again.,תמצא את זה עוד פעם.
Her friend is climbing a tree.,החבר שלה מטפס על עץ.
The red fruit is close to you.,הפרי האדום קרוב אליך.
How do I find the biggest tree?,איך אני מוצא את העץ הכי גדול?
It is time to dig for rocks.,זה הזמן לחפור ולחפש אבנים.
What color is the star tonight?,באיזה צבע הכוכב הלילה?
I do not know the time.,אני לא יודע מה השעה.
Is your rock purple or white?,האם האבן שלך סגולה או לבנה?
Calling her parents is too hard.,זה קשה מדי להתקשר להורים שלה.
Did you see the yellow star?,האם ראית את הכוכב הצהוב?
"Count one, two, three.","תספור אחת, שתיים, שלוש."
She will call me tomorrow.,היא תתקשר אליי מחר.
He was your first friend.,הוא היה הידיד הראשון שלך.
"I want to see, too.",אני גם רוצה לראות.
I see a lot of dirt over there.,אני רואה הרבה לכלוך שם.
This is not a very ripe piece of fruit.,חתיכת הפרי הזאת היא לא מאוד בשלה.
"Why will she be wild today, do you think?",למה אתה חושב שהיא תהיה פרועה היום?
I am the middle child of my family.,אני הילד האמצעי במשפחה שלי.
She was very small last year.,היא הייתה מאוד קטנה בשנה הקודמת.
Do not move my small fruit!,אל תזיז את הפרי הקטן שלי!
Will I find them behind a tree?,האם אני אמצא אותם מאחורי עץ?
She said I should not climb there.,היא אמרה שאני לא צריך לטפס לשם.
I like that you always have a plan.,אני אוהב שתמיד יש לך תוכנית.
We are too far away to see the tree.,אנחנו רחוקים מדי כדי לראות את העץ.
It would be good to see my home again., זה יהיה טוב לראות את הבית שלי שוב.
Get off that tree or I will call your parents!,תרד מהעץ הזה או שאני אקרא להורים שלך!
He thought she could see him.,הוא חשב שהיא תוכל לראות אותו.
It is hard to have so much energy.,זה קשה שיש כל כך הרבה אנרגיה.
I planned to call you yesterday.,תכננתי להתקשר אליך אתמול.
Don't dig over there because it's too far.,אל תחפרו שם כי זה  יותר מדי רחוק.
What time did he say he would call?,באיזו שעה הוא אמר שהוא יתקשר?
Maybe they should go home now.,אולי הם צריכים ללכת הביתה עכשיו.
They had not looked for a rock of that color.,הם לא חיפשו אבן בצבע הזה.
He used to be our calmest friend.,הוא היה פעם החבר הכי רגוע שלנו.
They wanted us to find a purple leaf.,הם רצו שאנחנו נמצא עלה סגול.
When can you plan our next dig?,מתי תוכל לתכנן את החפירה הבאה שלנו?
Please move it to a better time.,בבקשה תעביר את זה לזמן טוב יותר.
Is it too late to call your parents?,האם זה מאוחר מידי להתקשר להורים שלך?
I didn't plan on doing that ever again!,אני לא תכננתי לעשות את זה שוב אי פעם!
I wish you could see this like I do.,הלוואי ותוכל לראות את זה כמו שאני רואה.
Will you only look for your family?,האם תחפש רק את המשפחה שלך?
We have seen the star high in the sky.,אנחנו ראינו את הכוכב גבוה בשמיים.
We are aboard a boat.,אנחנו נמצאים בתוך סירה.
She talked about the sun.,היא דיברה על השמש.
The sky is above the sea.,השמיים הם מעל הים.
They will be across the water.,הם יהיו מהצד השני של המים.
He wanted to rest after the long night.,הוא רצה לנוח אחרי הלילה הארוך.
Are you with them or against them?,האם אתה איתם או נגדם?
We walked along the trail for an hour.,הלכנו לאורך השביל במשך שעה.
There might be animals among us.,ייתכן ויהיו חיות בינינו.
We must go around the forest.,אנחנו חייבים ללכת מסביב ליער.
He is as tall as a tree.,הוא גבוה כמו עץ.
Are you at the home right now?,האם אתה בבית עכשיו?
Let's eat before we talk.,בוא נאכל לפני שנדבר.
I think you should follow behind.,אני חושב שאתה צריך לעקוב אחריי.
The water below me is brown.,המים מתחתיי הם חומים.
Swimming in the evening is beneath her.,שחייה בשעות הערב היא לא לרמה שלה.
The fruit is beside the river.,הפרי נמצא על יד הנהר.
Nothing is between me and the sky.,אין שום דבר ביני ובין השמיים.
Do you want to see beyond the forest?,האם אתה רוצה לראות את מה שיש מעבר ליער?
"She is not kind, but I still like her.","היא לא נחמדה, אבל אני עדיין מחבב אותה."
Rest with me by the fire.,שב לנוח איתי על יד המדורה.
She loves her despite her appearance.,היא אוהבת אותה למרות איך שהיא נראית.
The tree has fallen down!,העץ נפל!
Did she wake up at the night?,האם היא התעוררה בלילה?
Everyone left except him.,כולם עזבו חוץ ממנו.
The stars shine for them.,הכוכבים נוצצים עבורם.
Is this gift from him or her?,האם המתנה הזאת היא ממנו או ממנה?
Have they swum in the river before?,האם הם שחו בנהר בעבר?
Please go inside in a couple minutes.,בבקשה תיכנס פנימה בעוד מספר דקות.
They will go into the forest without fear.,הם ייכנסו אל תוך היער מבלי לפחד.
She is like a wild animal.,היא כמו חיה פראית.
Don't let her get near the river.,אל תיתן לה להתקרב לנהר.
My friend is sitting next to her sibling.,חברתי יושבת ליד אחיה.
A lot of the fruit is gone.,לא נשאר הרבה מהפרי.
How should he jump off the tree?, באיזה אופן הוא צריך לקפוץ מהעץ?
They were sitting on the dirt.,הם ישבו על עפר האדמה.
They have climbed onto the tree.,הם טיפסו על גבי העץ.
There will be five animals out in the forest.,יהיו חמש חיות בחוץ ביער.
Jump over the yellow dirt.,תקפוץ מעל עפר האדמה הצהוב.
Be careful walking past the animal.,היזהר כאשר אתה עובר את החיה.
There would be two fruits per person.,לכל אחד יהיו שתי פירות.
Two plus two is four.,שתיים ועוד שתיים שווה ארבע.
Let's have a chat regarding the child.,בוא נערוך שיחה לגבי הילד.
We walked 'round the tree.,הלכנו מסביב לעץ.
All of us left save for my parent.,כולנו עזבנו חוץ מההורה שלי.
I won't come since I have no money.,אני לא אגיע כי אין לי כסף.
Is he older than her?,האם הוא יותר גדול ממנה?
She wants us to go through the forest.,היא רוצה שנלך דרך היער.
We slept till the sunrise.,ישנו עד הזריחה.
Are you going to the river?,האם אתה הולך לנהר?
Look toward the stars for guidance.,תסתכל לעבר ה כוכבים בשביל הכוונה.
Why is he under the water?,למה הוא מתחת למים?
Underneath his appearance is a kind heart.,מתחת לחזות שלו יש לב טוב.
"Unlike me, she is very fast.","בניגוד אליי, היא מאוד מהירה."
Wait until I am ready.,חכו עד שאני אהיה מוכן.
The fish swim up to the surface.,הדג שוחה עד לפני המים.
He sits upon a throne.,הוא יושב על כס מלכות.
Let's talk about swimming versus running.,בואו נדבר על שחייה אל מול ריצה.
She told them via letter.,היא סיפרה להם במכתב.
Why aren't you with me?,למה אתה לא איתי?
Fear is not within their heart.,אין בליבם פחד.
Don't go without us!,אל תלכו בלעדינו!
Please have another piece of fruit.,בבקשה קח לך עוד חתיכת פרי.
Do you have any water?,האם יש לך מים?
Anyone can dance.,כל אחד יכול לרקוד.
We will do anything for her.,אנחנו נעשה את הכל בשבילה.
Let's travel anywhere but here.,בואו נטייל בכל מקום חוץ מפה.
They want both fruit and water.,הם רוצים גם פירות וגם מים.
Are you certain of that?,האם אתה בטוח בכך?
He loves each animal equally.,הוא אוהב כל חיה באופן שווה.
You can have either this or that.,אתם יכולים לקבל או את זה או את זה.
They don't have enough leaves.,אין להם מספיק עלים.
Every child has a favorite color.,לכל ילד יש את הצבע האהוב עליו.
Is everyone okay with the plan?,האם התוכנית מקובלת על כולם?
The sun shone on everything.,השמש האירה באורה את הכל.
"Everywhere I go, I smile.","לכל מקום שאני הולך, אני מחייך."
A few children like swimming.,מעט ילדים אוהבים לשחות.
Where were you last night?,איפה היית אתמול בערב?
It the least intelligent animal.,זאת החיה הכי פחות נבונה.
Give me less fruit.,תנו לי פחות פירות.
They are a little tired.,הם מעט עייפים.
Many people love the sea.,הרבה אנשים אוהבים את הים.
She wanted more water.,היא רצתה עוד מים.
Most forests have lots of trees.,ברוב היערות יש הרבה עצים.
"I don't have much, but it's enough.","אין לי הרבה, אבל זה מספיק."
That animal can neither run nor walk.,החיה הזאת אינה יכולה לרוץ או ללכת.
Do you want to sit next to her?,האם אתה רוצה לשבת לידה?
"No, they can't eat rocks!","לא, הם לא יכולים לאכול אבנים!"
None of them are coming.,אף אחד מהם לא מגיע.
Nothing can stop me.,שום דבר לא יכול לעצור אותי.
I have nowhere I need to go.,אין שום מקום שאני צריך ללכת אליו.
I once ate fruit.,פעם אכלתי פירות.
Several children can climb.,ישנם כמה ילדים שמסוגלים לטפס.
Some parents don't know me.,יש הורים שלא מכירים אותי.
"Somebody help, please!","שמישהו יעזור לי, בבקשה!"
Something is in the water.,יש משהו במים.
I am somewhere in the forest.,אני נמצא איפה שהוא ביער.
What is your name?,מה השם שלך?
We can make whatever he wants.,אנחנו יכולים להכין כל מה שהוא רוצה.
Which of you is a parent?,מי מכם הוא הורה?
Visit whichever forest is west of here.,תבקר בכל יער שנמצא מערבה מכאן.
"If the fruit is big and low to the ground, you can eat it.","אם הפרי הוא גדול וקרוב לקרקע, אתה יכול לאכול אותו."
Just move over here and then you can hear the children.,פשוט תזוז לכאן ואז תוכל לשמוע את הילדים.
"One hour ago, your sibling dug up that fruit.","לפני שעה, אח שלך חפר החוצה את הפרי הזה."
I always call my friend at the last hour of the day.,אני תמיד מתקשר לחברי בשעה האחרונה של היום.
When do you think you will get home this time?,מתי אתה חושב שתגיע הביתה הפעם?
Who wants to wander around at night when it's so dark?,מי רוצה להסתובב בלילה כשכל כך חשוך?
Soon I will be the last child of my family who is at home.,"בקרוב, אני אהיה הילד האחרון במשפחה שלי שגר בבית."
"It is the middle of the day, so you should stay behind.","זה אמצע היום, אז אתה צריך להישאר."
"I would give her it, but she might not think it is a good rock.","הייתי נותן לה אותה, אבל היא יכולה לחשוב שזאת אבן לא טובה."
She was so far away that we had to call for her three times.,היא הייתה כל כך רחוקה שהיינו צריכים לקרוא לה שלוש פעמים.
Why did you look behind you like that?,למה הסתכלת מאחורייך ככה?
She has such wild energy that it is hard to calm her down.,יש לה אנרגיה כל כך חייתית שקשה להרגיע אותה.
"Does the color look blue to you, or is it actually white?",האם הצבע הזה נראה לך כחול או שהוא בעצם לבן?
"That would not be the first time, but I hope it is the last.","זאת לא תהיה הפעם הראשונה, אבל אני מקווה שהיא תהיה האחרונה."
She wanted him to find a rock as small as hers.,היא רצתה שהוא ימצא אבן קטנה כמו שלה.
"Maybe if you hadn't found them, they would have moved.","אולי אם לא היית מוצא אותם, הם היו עוברים מקום."
You must have heard those children climbing!,ודאי שמעת את הילדים האלה מטפסים!
Don't tell me that you didn't look for a black leaf.,אל תאמר לי שלא חיפשת עלה שחור.
Who else could have planned for such a day?,מי עוד יכל לתכנן יום שכזה?
The first child will be ahead of the second by only a little.,הילד הראשון יקדים את השני רק במעט.
They jumped here and there without ever finding it.,הם חיפשו בכל מקום מבלי למצוא את זה אף פעם.
"Digging was very hard, hence the low energy.","החפירה הייתה מאוד קשה, לכן נשארה לי קצת אנרגיה."
She would otherwise be an only child.,"במקרה אחר, היא הייתה ילדה יחידה."
He would have seen the tree if he had been bigger.,"אם הוא היה גבוה יותר, הוא היה רואה את העץ."
"Maybe the fruit on the ground is good, but probably not.","אולי הפרי שעל האדמה הוא טוב, אבל כנראה שלא."
"I was ahead of you years ago, but not anymore.","הייתי יותר מוצלח ממך לפני שנים, אבל לא עוד."
I will find one sibling if they will find the other.,"אני אמצא אח אחד, אם הם ימצאו את השני."
I couldn't call you at such a time!,לא יכולתי להתקשר אליך בזמן שכזה!
Where did they jump while you were looking at the stars?,לאן הם קפצו בזמן שהבטת בכוכבים?
Don't move the yellow leaves until the year is over.,אל תפנו את העלים הצהובים עד שהשנה מסתיימת.
"We didn't plan to hear it, but we still did.","לא תכננו לשמוע את זה, אבל עדיין שמענו."
"When I look at you, I see a good parent.","כשאני מסתכל עליך, אני רואה הורה טוב."
"At this time of day, no one else is home.","בזמן הזה של היום, אין אף אחד בבית."
They have heard neither the white star nor the red star.,"הם לא שמעו לא על הכוכב הלבן, ולא על הכוכב האדום."
How many of those leaves are yellow?,כמה מהעלים האלה הם צהובים?
"By this time tomorrow, she will have climbed three trees.","בזמן הזה מחר, היא כבר תטפס על שלושה עצים."
"She is closer than him to the wild fruit, but he can't see that.","היא יותר קרובה ממנו לפרי היער, אבל הוא אינו יכול להבחין בכך."
What was she planning to tell you last night?,מה היא תכננה לספר לך אתמול בלילה?
I wouldn't climb that tree if I were you.," אם הייתי במקומך, לא הייתי מטפס על העץ הזה."
He found it easy to jump over the leaves.,הוא ראה שזה קל עבורו לקפוץ מעל העלים.
At what time do they plan on moving those rocks?,באיזה זמן הם מתכננים להזיז את הסלעים האלה?
I've always wanted to stay in a beach house.,תמיד רציתי לשהות בבית חוף.
The desert night was cold and dark.,הלילה המדברי היה קר ואפל.
Mike must be working in the field today.,מייק בטוח עובד בשדה היום.
How far is the forest from home?,כמה רחוק היער מהבית?
The lake was looking beautiful.,האגם היה נראה יפהפה.
The sea was rough.,הים היה סוער.
Which plants are not green?,אילו צמחים אינם ירוקים?
There are three small rooms in the house.,יש שלושה חדרים קטנים בבית.
It was a sunny morning and by eight o'clock it was already hot.,זה היה בוקר שטוף שמש ובשעה שמונה כבר היה חם.
The night was calm and fresh.,הלילה היה רגוע ורענן.
Put on your white dress.,תלבשי את השמלה הלבנה שלך.
"Why did you think I sent you the flower, and that chocolate?",למה את חושבת ששלחתי לך את הפרח ואת השוקולד הזה?
I can make grass grow!,אני יכול לגרום לדשא לגדול!
She was close to realizing a lifetime goal.,היא הייתה קרובה להשיג את מטרת חייה.
Trees are truly life savers as they help reduce pollution.,עצים הם באמת מצילי חיים בכך שהם עוזרים להפחית את זיהום האוויר.
"The climate on the coast is hot, humid, and unhealthy.","מזג האוויר בחוף הוא חם, לח ולא בריא."
Leafs are turning yellow due to dry weather.,העלים נהפכים צהובים כתוצאה ממזג אוויר יבש.
The summer had been very dry and no berries grew.,הקיץ היה יבש מאוד ושום פירות יער לא גדלו.
The rocks are not too high to climb.,הסלעים אינם גבוהים מדי מכדי שנוכל לטפס עליהם.
Fruits are beneficial for health as they provide energy to work.,פירות טובים לבריאות בכך שהם מספקים אנרגיה לפעילות.
His shoes were covered with mud when he entered the house.,הנעליים שלו היו מכוסים בבוץ כשהוא נכנס לבית.
Indoor plants makes the house look attractive and pleasing.,צמחים שנמצאים בבית גורמים לבית להיראות יפה ונעים.
How bright a star can be? Have you ever thought about this?,כמה זוהר יכול להיות כוכב? האם אי פעם חשבת על זה?
I wonder how the tree got so tall.,אני תוהה איך העץ הגיע לכזה גובה.
They have yet to see the big beautiful white rock.,הם עדיין לא ראו את הסלע הגדול היפה והלבן.
I keep wondering why birds evolved to fly.,אני ממשיך לתהות מדוע ציפורים התפתחו להיות בעלי יכולת לעוף.
I don't know what to pick.,אני לא יודע מה לקטוף.
I have just about finished picking the berries.,אני כמעט סיימתי לקטוף את פירות היער.
The climate is hot and very humid.,מזג האוויר הוא חם ומאוד לח.
The scenery of the valley is just amazing.,הנוף של העמק הוא פשוט מדהים.
"The boy was no longer sleepy, but full of energy and excitement.","הילד כבר לא היה יותר מנומנם, אלא מלא מרץ והתלהבות."
She covered her head as dirt rained over her.,היא כיסתה את ראשה כאשר לכלוך נפל מעליה.
It shouldn't be hard to dig in this sand.,זה לא אמור להיות קשה לחפור בחול הזה.
"There it was cool and quiet, with a scent of ripe fruit.","שם זה היה, קריר ושקט עם ריח של פרי בשל."
Sunny in the morning but mostly cloudy by the evening.,שמשי בבוקר אבל בעיקר מעונן לקראת הערב.
He went abroad to study higher.,הוא נסע לחוץ לארץ ללימודים גבוהים.
Children were playing in park with a ball.,ילדים שיחקו בפארק עם כדור.
The bird won't let me nearby.,הציפור לא נותנת לי להתקרב.
I have eaten a piece of fruit.,אכלתי חתיכת פרי.
Everything was budding and blossoming.,הכל היה מלבלב ופורח.
I will always be with you.,אני תמיד אהיה איתך.
"The sun had set, and dusk settled over the ocean.",השמש שקעה והחשכה ירדה מעל פני הים.
He is one of the best players.,הוא אחד מהשחקנים הכי טובים.
"Sitting, that is the main thing to consider.",ישיבה זה הדבר העיקרי לקחת בחשבון.
"The sight, sound, and scent of the ocean helped her relax.","המראה, הצלילים, והריח של הים עזרו לה להירגע."
There are clouds over the hills.,יש עננים מעל הגבעות.
The sky is over my head.,השמיים הם מעל הראש שלי.
My house is across the bank.,הבית שלי הוא מעבר לגדה.
"You should expect any weather from scorching hot to cold, wet and windy.","אתה צריך לצפות לכל מזג אוויר, החל מחום לוהט, ועד לקור, רטיבות ורוחות סוערות."
I have a pool behind my house.,יש לי בריכה מאחורי הבית שלי.
I have done this task for your benefit.,ביצעתי את המשימה הזאת כדי לעזור לך.
We cannot live without water.,אנחנו לא יכולים לחיות בלי מים.
It's my pleasure to help you.,זה התענוג שלי לעזור לך.
Playing is his only job.,נגינה זאת העבודה היחידה שלו.
We need to walk as far as we can tonight.,אנחנו צריכים ללכת כמה רחוק שנוכל הלילה.
She throws rocks just about every day.,היא זורקת אבנים כמעט כל יום.
If you have the money use it wisely.,"אם יש לכם את הכסף, השתמשו בו בחכמה."
Someone is at the door.,מישהו נמצא בדלת.
Let's look at how this happened.,בואו נראה איך זה קרה.
You better listen up.,כדאי לך להקשיב.
We are sure of success.,אנחנו בטוחים בהצלחה.
He is quite punctual in following routines.,הוא די דייקן בלעקוב אחר הנהלים.
I got your flowers but I forgot what they were for.,"קיבלתי את הפרחים שלך, אבל שכחתי עבור מה הם."
He has been loving that one tree's fruit.,הוא אוהב במיוחד את פרי העץ הזה.
This activity should not be attempted in windy conditions.,הפעילות הזאת אינה צריכה להתבצע במזג אוויר עם רוחות סוערות.
The research I found on the topic was limited.,המחקר שמצאתי על הנושא היה מועט.
Where does all the rain water go?,לאן זורמים כל מי הגשמים?
"Nature was at her peak, blending the wild blooms with various shades of green.","הטבע היה בשיאו, משלב בצמחיית הבר הפורחת גוונים שונים של ירוק."
"Water was dripping from the trees, and the grass was wet.","המים טפטפו מהעצים, והדשא היה רטוב."
I hear that her mother is in another city.,שמעתי שאימא שלה נמצאת בעיר אחרת.
"If he is available, ask him to call me.","אם הוא פנוי, תבקש ממנו להתקשר אליי."
"It is not a bad situation, don't worry.","זה לא מצב גרוע, אל תדאג."
My teacher is very kind.,המורה שלי הוא מאוד אדיב.
I went shopping in order to buy a new jeans.,הלכתי לקניות כדי לקנות ג'ינס חדש.
She would take the animals out before he got home tonight.,היא תוציא את בעלי החיים החוצה לפני שהוא יחזור הביתה הלילה.
My dad never works on the weekends.,אבא שלי אף פעם לא עובד בסופי שבוע.
She writes an e-mail to her best friend.,היא כותבת אימייל לחברה הטוב.
The sun rises at the east.,השמש זורחת במזרח.
George brushes his teeth twice a day.,ג'ורג' מצחצח את שיניו פעמיים ביום.
When does the train usually leave?,מתי הרכבת יוצאת מהתחנה בדרך כלל?
My cat runs very fast.,החתול שלי רץ מאוד מהר.
He catches the train every morning.,הוא מצליח לתפוס את הרכבת כל בוקר.
He loves to play basketball.,הוא אוהב לשחק כדורסל.
Does he go to river too?,האם הוא גם הולך לנהר?
You'd better go in and get out of those wet clothes.,מוטב שתיכנסו פנימה ותורידו את הבגדים הרטובים האלו.
It usually rains every day here.,בדרך כלל יורד גשם כל יום פה.
It smells very delicious in the kitchen.,יש ריח ממש נהדר במטבח.
They haven't been able to solve the problem yet.,הם עדיין לא יכלו לפתור את הבעיה.
It's about time you spent some money on yourself.,הגיע הזמן שתבזבז קצת כסף על עצמך.
You've always taken care of us.,אתה תמיד טיפלת בנו.
There was always plenty of food.,תמיד היה אוכל בשפע.
"Be always brave and truthful, said his father.","היה תמיד אמיץ וכנה, אמר אביו."
Tell them to bring me a leaf.,תאמר להם להביא לי עלה.
Why don't you sit down and rest and I'll bring you a piece of fruit.,"למה שלא תשב ותנוח, ואני אביא לך חתיכת פרי."
"We'll meet soon, brother.","אנו ניפגש בקרוב, אחי."
Berries are quite delicious.,פירות יער הם די טעימים.
I have to find my lost key.,אני מוכרח למצוא את המפתח שאבד לי.
He put down the book and looked at the rock beneath him.,הוא הניח את הספר והביט בסלע מתחתיו.
I'm glad you like it.,אני שמח שאתה אוהב את זה.
We have some fruit waiting for us inside.,השאירו כמה פירות בשבילנו בפנים.
She promised she would reserve a room for me.,היא הבטיחה שהיא תשמור חדר עבורי.
Even the tiny flower petals looked vibrant.,אפילו עלי הכותרת הקטנטנים של הפרח נראו מלאי חיים.
Could you come by for dinner tonight?,תוכל לבוא לארוחת ערב היום בערב?
She shivered in the chilly ocean breeze.,היא רעדה ממשב הרוח הקריר של הים.
I must have the land checked out.,אני חייב לוודא שהשטח ייבדק.
They can be divided into three groups.,הם יכולים להיות מחולקים לשלוש קבוצות.
We may have good reason to be proud of ourselves.,יכול להיות שיש לנו סיבה טובה להיות גאים בעצמנו.
It is necessary that he should be sent there at once.,זה הכרחי שהוא יישלח לשם באופן מיידי.
I won't believe it unless I see it with my own eyes.,אני לא אאמין לזה אלא אם אני אראה את זה בעיניים שלי.
I wish I had met my uncle yesterday.,הלוואי שהייתי פוגש את הדוד שלי אתמול.
I won't phone my friend until they have arrived.,אני לא אתקשר לחבר שלי עד שהם יגיעו.
She enjoys cooking food on her own.,היא נהנית לבשל אוכל בעצמה.
It felt so good to be home.,זה הרגיש כל כך טוב להיות בבית.
Everything was in good order except the boots.,הכל היה במצב טוב חוץ מהמגפיים.
"If you go there, you will find him.","אם תלך לשם, אתה תמצא אותו."
A little girl said she heard about the cold breeze from around the way.,ילדה קטנה אמרה שהיא שמעה על משב הרוח הקריר מאזור מגוריה.
"Today, I see some ripe fruit on that tree.","היום, אני רואה כמה פירות בשלים על העץ הזה."
They usually spent the morning hours in the forest.,הם בדרך כלל מבלים את שעות הבוקר ביער.
Who is your best friend?,מי החבר הכי טוב שלך?
"She ate her fruit, took a walk, and then went back to sleep.","היא אכלה את הפרי שלה, יצאה לטייל ואז חזרה בחזרה לישון."
"He loves to read, and he also loves to hike.","הוא אוהב לקרוא, והוא גם אוהב לטייל."
What is the true meaning of the poem?,מה המשמעות האמיתית של השיר?
You are showing both sides of an argument.,אתה מראה את שני הצדדים של הטיעון.
You are describing a sequence of events.,אתה מתאר רצף של אירועים.
I do not know a way to get to the moon.,אני לא מכיר דרך להגיע לירח.
The warm sun shined on the trees and drew out all their fragrance.,השמש החמימה האירה באורה את העצים ופיזרה את ניחוחם באוויר.
I enjoyed the stone that you brought for me.,אהבתי את האבן שהבאת עבורי.
The girl ran into the forest.,הילדה רצה אל תוך היער.
He walked down the path.,הוא הלך במורד השביל.
She laughed at the rabbit's activities.,היא צחקה מהדברים שהארנב עשה.
Uncover the hole carefully.,חשוף את הבור בזהירות.
I love the ocean because fish are so interesting to watch.,אני אוהב את הים בגלל שזה מאוד מעניין לצפות בדגים.
I drink juice every morning.,אני שותה מיץ כל בוקר.
There's one piece left like yesterday.,יש חתיכה אחת שנשארה כמו אתמול.
"We waited for the train, but the train was late.","אנחנו חיכינו לרכבת, אבל הרכבת איחרה."
The weather was wonderful with its bright sunshine.,"מזג האוויר היה נפלא, עם אור שמש בהיר."
Many trees lost their leaves last winter.,הרבה עצים הנשירו את עליהם בחורף שעבר.
The blue sky was cloudless.,השמיים הכחולים היו ללא עננים.
We walked through to the other side.,הלכנו בדרך לצד השני.
Does it snow when it is sunny?,האם יורד שלג כשבהיר?
Winter is over and spring has come.,החורף הסתיים והאביב הגיע.
The sky is full of stars.,השמיים מלאי כוכבים.
Where do you want to go on a hike this weekend?,לאן אתה רוצה ללכת לטייל בסוף השבוע הזה?
The moon goes around the earth.,הירח סובב סביב כדור הארץ.
It was raining yesterday.,ירד גשם אתמול.
The clouds are getting darker.,העננים נעשים כהים יותר.
I saw a child standing near the waterfall.,ראיתי ילד עומד ליד מפל המים.
That one near the lake is chipping the rock., האדם הזה שעל יד האגם חוצב בסלע.
She buried her feet in the sand to keep them warm.,היא כיסתה את רגליה בחול בכדי לשמור שיהיו חמות.
We have lovely trees around here.,יש לנו עצים נפלאים כאן בסביבה.
"There was no tree for shade in the forest, they all let the light through.","לא היה אף עץ לחסות תחתיו ביער, כל העצים איפשרו לאור לחדור."
The land is covered with green grass.,חלקת האדמה מכוסה בדשא ירוק.
Do these bugs fly?,האם החרקים האלה עפים?
He dropped the leaf into the fire.,הוא הפיל את העלה אל תוך האש.
The birds drink from the still pool of water.,הציפורים לוגמות מבריכת המים השקטה.
They jump into the river.,הם קפצו אל תוך הנהר.
Birds are making their houses in the tree.,ציפורים בונות את ביתיהן בתוך העץ.
Be careful of that broken branch.,היזהר מהענף השבור הזה.
My friend works in the field.,החבר שלי עובד בשדה.
We are riding into the forest today.,אנחנו נוסעים אל תוך היער היום.
She ran harder up the hill.,היא רצה מהר יותר במעלה הגבעה.
"This area has an abundant rainfall, dense forests, and fertile soil.","באיזור הזה יש גשמים רבים, יערות עבותים ואדמה פוריה."
The first tree was near the lake.,העץ הראשון ניצב ליד האגם.
There is beautiful land lying on both sides of the wonderful river.,יש שטח אדמה יפהפה אשר שוכן משני צידיו של האגם הנפלא.
What is the highest mountain?,מהו ההר הגבוה ביותר?
The countryside is made with beautiful hills.,אזור הכפר בנוי מגבעות יפהפיות.
They will go up to the snowy region.,הם יעלו מעלה לרכס המושלג.
The rock was heavy and sharp.,האבן הייתה כבדה וחדה.
You threw the rock over the river?,אתה זרקת את האבן אל הנהר?
"Even in the dense underbrush, it had found another rock.","אפילו בתוך הצמחייה הסבוכה, נמצאה אבן נוספת."
The summer is the best time to prune raspberry bushes.,הקיץ הוא הזמן הטוב ביותר לגזום שיחי פטל.
"You are staying the whole evening, I hope?","אתה נשאר כל הערב, אני מקווה?"
"I study about the earth, and the animals.","אני לומד על כדור הארץ, ועל בעלי החיים."
"It isn't cold out there, is it?","לא קר שם בחוץ, נכון?"
"She ran and ran and ran, until the night came to a close.","היא רצה ורצה ורצה, עד שהלילה הגיע לקיצו."
"When she woke again, the sun was shining on her face.","כשהיא התעוררה שוב, השמש זרחה על פניה."
Will you give me a cup of tea?,תוכל לתת לי כוס תה?
Will you try it and see if it makes a difference if wouldn't mind?,"האם תוכל לנסות את זה ולראות אם יש הבדל, אם לא אכפת לך?"
Would you like to go on an outdoor adventure?,האם תרצה לצאת להרפתקאה בשטח?
He watched as the wolf disappeared into the tall grass.,הוא צפה בזמן שהזאב נעלם אל תוך העשב הגבוה.
"I know you must be tired, so I will let you rest.","אני יודע שאתה בטוח עייף, אז אני אני אתן לך לנוח."
The dry weather was perfect for building.,מזג האוויר היבש היה מושלם לבנייה.
Those few pieces of fat pine were a great treasure.,החתיכות הקטנות האלה מעץ אורן יבש היו אוצר נפלא.
The table and chairs were made of a dark rich wood.,השולחן והכיסאות יוצרו מעץ עשיר כהה.
She breathed in the ocean air.,היא נשמה פנימה את אוויר הים.
We bought a lily and set it in a sunny window.,קנינו פרח חבצלת והנחנו אותו בחלון שטוף שמש.
"We can't keep falling forever, you know.","אנחנו לא יכולים להמשיך ליפול לנצח, אתה יודע."
After two years' growth the bushes should be quite tall.,"לאחר שהם צמחו במשך שנתיים, השיחים צריכים להיות די גבוהים."
She glanced around the lush hills.,היא הסתכלה הצידה בחטף אל עבר הגבעות השופעות צמחייה.
All of the islands have beautiful beaches and lush scenery.,לכל האיים יש חופים יפהפיים ונופים עשירים.
"The place is absolutely crammed with plants, a lush green oasis.","המקום הוא עמוס לחלוטין בצמחים, נווה מדבר ירוק שופע צמחייה."
It is a very vibrant and proud community.,זאת קהילה מאוד נמרצת וגאה.
The dawn brought cool air and dense fog.,השחר הביא עימו אוויר קריר וערפל סמיך.
"The air was dry and hot, as if she were in a sauna.",האוויר היה יבש וחם כאילו שהיא הייתה בסאונה.
Cherry blossoms are in bloom for a short period.,משך פריחת דובדבנים הוא לפרק זמן קצר.
Scorpions are numerous in the arid regions.,עקרבים מצויים במספרים גדולים באזורים צחיחים.
"The day was sunny and mild, a perfect day for riding.","היום היה שטוף שמש וחמים, יום מושלם לרכיבה."
The majestic river dashes its way towards the valley.,הנהר העצום זורם במהירות אל תוך העמק.
The blossom is fragrant.,הפריחה היא ריחנית.
The apple trees are looking beautiful.,עצי התפוח נראים יפהפיים.
The birds are chirping in the trees.,הציפורים מצייצות על העצים.
The cool breeze is chilling my spine.,משב הרוח הקריר גורם לרעד בגבי.
The tides are rushing towards the land.,הגאויות מתקרבות במהירות אל היבשה.
A calm river is flowing from the mountains.,נהר שליו זורם מתוך ההרים.
The pond has many flowers.,בבריכה יש הרבה פרחים.
Birds are flying around fearlessly.,ציפורים עפות סביב ללא פחד.
The frogs are trilling in the pond.,הצפרדעים השמיעו קולות רטט בבריכה.
The tree has long branches.,לעץ יש ענפים ארוכים.
"Fresh fruit, please.","פירות טריים, בבקשה."
The sky is so amazingly beautiful today.,השמיים יפהפיים בצורה כה מרהיבה היום.
Deer are grazing in the fields.,איילים רועים בשדות.
The wolf is chasing the deer.,הזאב רודף אחר האייל.
This river contains many species of fish.,הנהר הזה מכיל מינים רבים של דגים.
A pack of wolves is howling in the forest.,חבורת זאבים מייללת ביער.
The clouds caused a sudden blizzard.,העננים גרמו לסופת שלגים פתאומית.
Let us fly a kite in the bright sunshine.,בוא נעיף עפיפון לאורה של השמש הבהירה.
The bugs are making weird noises.,החרקים משמיעים רעשים מוזרים.
The mighty river is flowing along the slopes of the mountains.,הנהר העצום זורם דרך מדרונות ההרים.
We are approaching a valley.,אנחנו מתקרבים לעמק.
The great wind hit the valley.,הרוח העוצמתית מכה בחוזקה בעמק.
Look at the colorful butterflies!,הבט בפרפרים הצבעוניים!
The birds are cool looking.,הציפורים נראות שלוות למראה.
The rabbits are hopping joyously.,הארנבים מקפצים בשמחה.
The talkative bird is curious.,הציבור הדברנית היא מסקרנת.
The coyote is witty.,זאב הערבות הוא פיקח.
The mice are squeaking happily.,העכברים מצייצים בשמחה.
Snow is dripping from the leaves.,שלג מטפטף מהעלים.
Birds are drinking water from the unusually still river.,ציפורים שותות מים מהנהר ששליו באופן בלתי רגיל.
Rabbits hop merrily.,ארנבים מקפצים בעליצות.
This particular rabbit was pretty quick at finding some food.,הארנב המסוים הזה היה די זריז למצוא מעט מזון.
The bird builds its nest quickly from twigs.,הציפור בונה את הקן שלה מזרדים בזריזות.
The fluffy bear fishes in the stream.,הדוב הפרוותי דג דגים בפלג הנחל.
The bear snores peacefully.,הדוב נוחר בשלווה.
The unstable rock rolls down the mountains.,הסלע הבלתי יציב מתגלגל במורד ההרים.
The flowers blossom blissfully.,הפרחים פורחים כמלאי שמחה.
The lush green forest has a lot of animals in it.,ביער הירוק העמוס צמחייה ישנם חיות רבות.
Do you want to talk while we're playing?,אתה רוצה לדבר בזמן שאנחנו משחקים?
Fruit is currently being harvested as we eat.,הפירות נקטפים כעת בזמן שאנחנו אוכלים.
Fresh berries are scattered across the land.,פירות יער טריים מפוזרים סביב חלקת האדמה.
The moths flock to the light like crazy.,העשים נמשכים בהמוניהם לאור כאחוזי טירוף.
Wavy branches make fill the day with joy.,ענפים מסולסלים ממלאים את היום בשמחה.
The ducks quack happily.,הברווזים מגעגעים בשמחה.
The birds are at rest.,הציפורים נחות להן.
Reptiles lay under the canopy of the forest.,זוחלים שוכנים מתחת לחופת היער.
Butterflies sit on the shrubs.,פרפרים מתמקמים להם על השיחים.
The rabbit is lying on his back playfully.,הארנב שוכב על גבו בשובבות.
I hope the birds would sing while we play in the grass.,אני מקווה שהציפורים ישירו בזמן שאנחנו משחקים בדשא.
"No, I don't see why that should be.","לא, אני לא רואה למה זה צריך לקרות."
"First we wait, then we move.",קודם נחכה ואז נזוז.
"I've never tried that, should be interesting!","אף פעם לא ניסיתי את זה, זה צריך להיות מעניין!"
"If we could, we should, why wouldn't we?","אם יכולנו, היינו צריכים, למה שאנחנו לא?"
She speaks as if everyone was asleep.,היא מדברת כאילו שכולם ישנים.
"No wonder the birds sing, they sound great!","לא פלא שהציפורים שרות, הן נשמעות נפלא!"
What is your favorite thing to do?,מה הדבר שאתה הכי אוהב לעשות?
"The moon shines too, just not as much.","הירח מאיר גם, רק לא באותה מידה."
If only we could jump and reach the skies.,אילו רק יכולנו לנתר ולהגיע לשמיים.
Let's get there by running.,בוא נגיע לשם בריצה.
We are going to explore the forest tomorrow.,אנחנו הולכים לסייר ביער מחר.
We are from the beach.,אנחנו מהחוף.
"Here, let me get that for you.","הנה, תן לי לקחת את זה עבורך."
I want to be tall when I grow up.,"כשאני אהיה גדול, אני ארצה להיות גבוה."
A gentle breeze is clearing away all the leaves.,משב רוח עדין מעיף הרחק את כל העלים.
"Take these rocks, they are yours.","קח את האבנים האלה, הם שלך."
Remind your brother to take you out when he wakes up.,תזכיר לאח שלך לקחת אותך לבלות כשהוא יתעורר.
It is time to relax and enjoy.,זהו זמן להירגע ולהנות.
The snow is very welcoming.,השלג הוא מאוד מזמין.
I need a light sleep in the afternoon.,אני זקוק לשינה קלילה אחר הצהריים.
We are planning a trip to the forest.,אנחנו מתכננים טיול ליער.
The fruit we are having today is from the forest.,הפרי שאנחנו אוכלים היום הוא מהיער.
They are coming over to play.,הם באים לכאן לשחק.
Think of any number from one to ten.,חשוב על כל מספר מאחד ועד עשר.
It's time to go home.,הגיע הזמן ללכת הביתה.
Imagine the purple leaves.,תאר לעצמך את העלים הסגולים.
Get some ice cubes for the juice.,תביא כמה קוביות קרח לשים במיץ.
"Get me two stones: one brown, the other white.","תשיג לי שתי אבנים: אחת חומה, והשנייה לבנה."
I will be swimming with the fish.,אני אשחה עם הדגים.
Watch closely!,תסתכל היטב!
Let's go find some fruit.,בוא נלך למצוא כמה פירות.
Can we climb that tree?,אנחנו יכולים לטפס על העץ הזה?
Yesterday was fun because we found that big rock.,אתמול היה כיף בגלל שמצאנו את הסלע הגדול הזה.
Let us finish this before the sun sets.,בואו נסיים את זה לפני שהשמש שוקעת.
I love having fruit in the afternoon.,אני אוהב לאכול פירות אחר הצהריים.
When can you come out to play?,מתי אתה יכול לבוא החוצה לשחק?
I am always at home at weekends.,אני תמיד בבית בסופי שבוע.
You can be the best at anything you can imagine.,תוכל להיות הטוב ביותר בכל דבר שתעלה על דעתך.
It gets dark when the lights turn off.,נעשה חשוך כשהאורות כבים.
Our dad gives us fruit every day.,אבא שלנו נותן לנו פירות כל יום.
Animals sleep all the time.,בעלי חיים ישנים כל הזמן.
We all love playing games.,כולנו אוהבים לשחק משחקים.
We crossed the river with our bare feet.,חצינו את הנהר ברגליים היחפות.
Place the fruit peel into the pile.,הנח את קליפת הפרי בתוך הערימה.
My feet got wet from the rain.,הרגליים שלי נרטבו מהגשם.
I found two branches had fallen from the tree.,גיליתי ששני ענפים נפלו מהעץ.
The wolf howled all night.,הזאב יילל כל הלילה.
Let's give them another chance.,בוא ניתן להם הזדמנות נוספת.
Keep sight of where you are going.,שים לב לאן אתה הולך.
"I don't take sugar in my tea, thanks.","אני לא שם בתה שלי סוכר, תודה."
Feel free to visit me anytime.,תרגיש חופשי לבקר אותי בכל זמן.
Her voice sounded so happy.,הקול שלה נשמע כל כך שמח.
We are going to clean everything up.,אנחנו הולכים לנקות את הכל.
Let's meet at our tree house when the sun rises.,בוא ניפגש בבית העץ שלנו כשהשמש תזרח.
Can you make tea for us?,האם אתה יכול להכין תה עבורנו?
I must follow my dream where ever it takes me.,אני מוכרח ללכת בעקבות החלום שלי לאן שהוא לוקח אותי.
We thanked our teacher for all her hard work.,הודינו למורה שלנו על כל העבודה הקשה שלה.
Let's get started right away.,בוא נתחיל מיד.
Let everyone have what they want.,תן לכולם לקבל את מה שהם רוצים.
The leaves are scattered all over the forest floor.,העלים מפוזרים לכל עברה של קרקעית היער.
The fruits are all small and green.,כל הפירות הם קטנים וירוקים.
Would you please pour me a glass of the juice you made.,תוכל למזוג לי בבקשה כוס מהמיץ שהכנת?
The rabbits are enjoying their meal.,הארנבים נהנים מהארוחה שלהם.
Keep the windows slightly open.,תשאיר את החלונות מעט פתוחים.
Who let the animals out?,מי נתן לחיות לצאת החוצה?
Try to remember what happened.,נסה להיזכר מה קרה?
I came here for you.,באתי לכאן בשבילך.
We both took a piece of fruit.,שנינו לקחנו חתיכת פרי.
We all sat watching the sun rise.,כולנו ישבנו וצפינו בשמש זורחת.
She is a very polite young girl.,היא ילדה צעירה ומנומסת מאוד.
Bring everything to me.,תביא את הכל אליי.
The birds chirped as they were fed.,הציפורים צייצו בזמן שהאכילו אותן.
I have a variety of different collections.,יש לי מגוון אוספים שונים.
Take care of your siblings.,תשמור על האחים שלך.
We counted twelve branches in total.,ספרנו שניים עשר ענפים בסך הכל.
Winter is coming.,החורף מגיע.
They love the snow so much.,הם אוהבים את השלג כל כך.
I brought some rocks with me.,הבאתי עימי כמה אבנים.
Every life is sacred.,כל חיים הם קדושים.
I can't run that fast.,אני לא יכול לרוץ כל כך מהר.
The sun is shining quite brightly today.,השמש זורחת בבהירות רבה היום.
These berries are very fresh.,פירות היער האלה הם מאוד טריים.
The sky is clear today.,השמיים בהירים היום.
There are many species of plants in the forest.,ישנם מינים רבים של צמחים ביער.
You can see dew on leaves early in the morning.,אתה יכול לראות טל על עלים מוקדם בבוקר.
The land is filled with flowers.,חלקת האדמה מכוסה בפרחים רבים.
"Look, there is a deer in the woods.","הבט, יש אייל בתוך היער."
What kind of bird is this?,איזה סוג של ציפור זאת?
"The mountain is very steep, so be careful while climbing it.","ההר הוא מאוד תלול, אז תיזהר בזמן שאתה מטפס עליו."
Let's drink fresh water from the lake.,בוא נשתה מים טריים מהאגם.
The pond is filled with fish of all kinds.,הבריכה מלאה בדגים מכל הסוגים.
Flowers are in full bloom at this time of the year.,הפרחים הם בשיא פריחתם בזמן הזה של השנה.
The weather gets beautiful in spring.,מזג האוויר נעשה יפה באביב.
"Full moon occurs roughly once a month, except on a blue moon.","ירח מלא מתרחש בערך פעם בחודש, חוץ במקרים של ירח כחול."
The sky is filled with stars tonight.,השמיים מלאים בכוכבים הלילה.
I think I love all of the flowers around here.,אני חושב שאני אוהב את כל הפרחים בסביבה.
I like to eat.,אני אוהב לאכול.
It's a beautiful view from the top of this mountain.,זהו נוף יפהפה מפסגת ההר הזה.
"You should sing more often, you have such a beautiful voice.","אתה צריך לשיר לעיתים קרובות יותר, יש לך קול כל כך יפה."
We should dance together to this song.,אנחנו צריכים לרקוד ביחד לצלילי השיר הזה.
The flower was usually found in the back of the forest.,ניתן למצוא בדרך כלל את הפרח הזה בחלקו האחורי של היער.
The wind blew the leaves lying on the ground.,הרוח העיפה את העלים שהיו על האדמה.
What are you bringing to eat on this adventure?,מה אתה מביא לאכול להרפתקאה הזאת?
The bird drank water from the lake.,הציפור לגמה מים מהאגם.
Is it possible to swim with fishes in the sea?,האם זה אפשרי לשחות עם דגים בים?
Stars sparkle at night.,כוכבים נוצצים בלילה.
She has deep blue eyes.,יש לה עיניים כחולות עמוקות.
Heavy mist covered the magical place from being seen.,ערפל כבד כיסה את המקום הקסום מלהיראות.
It will rain today.,היום יירד גשם.
Wild animals live out here.,חיות בר שוכנות כאן .
Summer days are long and hot.,ימי הקיץ הם ארוכים וחמים.
The bee uses its beautiful wings to fly.,הדבורים משתמשות בכנפיהן היפות כדי לעוף.
Light from the star twinkles at night.,אור מהכוכב מנצנץ בלילה.
The sky is covered with heavy clouds today.,השמיים מכוסים בעננים כבדים היום.
The bear living in the forest likes to eat everything.,הדוב שחי ביער אוהב לאכול הכל.
The rock is extremely heavy.,הסלע הוא כבד מאוד.
Waves can be seen from the beach.,ניתן לראות גלים מהחוף.
Do you like reading the tree rings?,האם אתה אוהב לספור את הטבעות של גזע העץ?
The duck swims in the pond.,הברווז שוחה בבריכה.
He plays the flute very well.,הוא מנגן בחליל היטב.
She lives in a big beautiful house.,היא חיה בבית גדול ויפה.
Red berries are the ripe ones.,פירות יער אדומים הם הפירות הבשלים.
The green grass covered the lawn.,הדשא הירוק כיסה את המדשאה.
The sky is clear and blue in summer.,השמיים הם בהירים וכחולים בקיץ.
These berries are freshly picked from the tree.,פירות היער האלה נקטפו זה עתה מהעץ.
The forest floor hides many little animals.,קרקעית היער מהווה מקום מסתור להרבה חיות קטנות.
Birds have the ability to fly.,לציפורים יש את היכולת לעוף.
This mountain will lead you to view number two.,ההר הזה יוביל אותך לתצפית מספר שתיים.
Wolves have a strong sense of smell.,לזאבים יש חוש ריח חזק.
All the trees are covered in snow in winter.,כל העצים מכוסים בשלג בחורף.
How many members are there in your family?,כמה נפשות יש במשפחה שלך?
Children like to build stuff when they are on the beach.,ילדים אוהבים לבנות דברים כשהם נמצאים בחוף.
He stayed in the cool and dark cave to avoid getting wet in the rain.,הוא נשאר במערה הקרירה והאפלה כדי להימנע מלהתרטב בגשם.
"Let's play hide and seek, it will be fun.","בוא נשחק מחבואים, זה יהיה כיף."
What are you making tonight?,מה אתה מכין הלילה?
I love my family.,אני אוהב את המשפחה שלי.
The food from the forest was delicious.,המזון מהיער היה טעים.
How often does a bird flap its wings?,באיזו תדירות ציפור מנפנפת בכנפיים שלה?
It is very important to stay warm in winter.,זה מאוד חשוב להתחמם בחורף.
My best friend gave me a piece of fresh fruit.,חברי הטוב נתן לי חתיכת פרי טרייה.
Flowers blossom on the tree every spring.,פרחים פורחים על העץ בכל אביב.
I often dream about magical creatures at night.,אני חולם לעיתים קרובות על יצורים קסומים בלילה.
The land was filled with short bushes.,חלקת האדמה הייתה מלאה בשיחים קצרים.
Sweet juice is a very refreshing treat on a hot day.,מיץ מתוק הוא תענוג מאוד מרענן ביום חם.
The gold glimmered in the dark.,הזהב נצץ בחושך.
Water bubbles when it boils.,המים מבעבעים כשהם רותחים.
People of this town are very nice and helpful.,אנשי העיר הזאת הם מאוד נחמדים ועוזרים.
Animals have a very special place in my heart.,לבעלי חיים יש מקום מאוד מיוחד בלב שלי.
Fully ripened berries are sweet and delicious.,פירות יער שהבשילו לגמרי הם מתוקים וטעימים.
The bird has a nest on the branch of this tree.,לציפור יש קן על ענף העץ הזה.
This short path will get you to the hill in no time.,השביל הקצר הזה יוביל אותך לגבעה במהרה.
Are you free this afternoon?,אתה פנוי אחר הצהריים הזה?
Insects often live in humid climates.,חרקים מצויים לעיתים קרובות באקלים לח.
You should come the tall tree and meet me sometimes.,אתה צריך להגיע לעץ הגבוה ולפגוש אותי מדי פעם.
This is a very special plant.,זה צמח מיוחד מאוד.
The flowers dance in the shiny weather.,הפרחים נעים מצד לצד במזג האוויר הקיצי.
Sky in is a seemingly never-ending vastness.," למראית עין, השמיים הם מרחב אינסופי."
The ever so bright sun is glimmering in the open blue sea.,"השמש שזורחת באור חזק מאוד, נראית מנצנצת מעל פני הים הפתוח הכחול."
The sun is starting to set.,השמש מתחילה לשקוע.
As the day is at its brink and the night is about to break.,כאשר היום מתקרב לסופו והלילה עומד לרדת.
The leaves of the tree.,העלים של העץ.
The bright sunshine warms the rabbit as it begins to sleep.,אור השמש הבהיר מחמם את הארנב כאשר הוא מתחיל את שנתו.
The river clashes with the rocks fiercefully.,הנהר מתנגש בסלעים בעוצמה רבה.
The cool breeze makes the bird dance in the wind.,משב האוויר הקריר גורם לציפור לנוע מצד לצד ברוח.
The raindrops look like silver gems scattering across the land.,טיפות המים נראות כמו אבני חן כסופות המפוזרות ברחבי הקרקע.
The wolf wags his tail as he gets patted.,הזאב מכשכש בזנבו כאשר מלטפים אותו.
The land is filled with cool looking flowers.,חלקת האדמה מלאה בפרחים בעלי מראה מדהים.
The squirrels relax as the warm sunlight approaches.,הסנאים נחים בזמן שאור השמש החמים מגיח לעברם.
It is a field of aromatic flowers.,זהו שדה של פרחים ריחניים.
The fish playfully travel the tides of the ocean.,הדג נע בעליצות בין הגאויות של הים.
The deer grazes as the sun dawns.,האייל מלחך עשב בזמן שהשמש שוקעת.
The dry autumn leaves crunch as I walk through.,עלי הסתיו היבשים נמעכים בזמן שאני עובר בדרך.
The wolf relaxes as the day dusks.,הזאב נח לו עם רדת השקיעה.
The herd of elk sleeps as the day ends in the tranquil countryside.,להקת האיילים נמה כאשר היום החל להסתיים באזור הכפרי השליו.
He is as calm as the fields of the countryside.,הוא שליו כמו השדות באזור הכפרי.
The bees buzz in the scorching summer heat.,הדבורים מזמזמות בקיץ החם והלוהט.
The juicy berries grow in the bushes.,פירות היער העסיסיים גדלים על השיחים.
The bird flaps her wings as the sudden breeze touches her.,הציפור מנופפת בכנפיה כאשר משב רוח פתאומי מגיח לעברה.
The birds take shed in the trees as the hot sunlight approaches them.,הציפורים מוצאות מחסה בעצים כאשר אור השמש החם מגיח לעברן.
The bird moves rhythmically as the drops of rain pats her.,הציפור זזה בקצביות כאשר טיפות של גשם טופחות עליה.
The school of fish swims around as the tides rise.,להקת הדגים שוחה סביב בזמן שהגאות עולה.
The ducks dance in the sweet spring.,הברווזים מתנועעים בעליצות באביב הנעים.
The rainbow reveals itself as the rain stops.,הקשת בענן נגלית כאשר הגשם פוסק.
The owl stares at the moon in the lonely night sky.,הינשוף בוהה בירח בשמי הלילה השוממים.
The rocks act as a pillow to the lazy grizzly bears.,הסלעים משמשים ככרית עבור דובי הגריזלי העצלים.
The wind takes away the seeds from the trees.,הרוח מעיפה הרחק את הזרעים מהעצים.
The rabbit eats the food peacefully.,הארנב אוכל את המזון בשלווה.
Snow chills the animals as winter approaches.,השלג גורם לחיות תחושת קור עם התקרבות החורף.
Reptiles crawl in the wet forest floor.,זוחלים זוחלים בקרקעית היער הרטובה.
The bird weaves its nest as the spring approaches.,הציפור טווה את הקן שלה כאשר האביב מתקרב.
The wolves howl in the moonlight.,הזאבים מייללים באור ירח מלא.
The eagle rises above the clouds as it rains.,הנשר מתרומם מעל העננים כאשר גשם יורד.
Are you able to come aboard at this moment?,האם אתה יכול להצטרף אלינו ברגע זה?
We made plans about how to best see the stars.,עשינו תוכניות לגבי איך לראות את הכוכבים בצורה הכי טובה.
He didn't know I was watching from above.,הוא לא ידע שאני צפיתי מלמעלה.
How can you get across this river so quickly?,איך אתה יכול לחצות את הנהר הזה כל כך מהר.
I couldn't see after the dirt got in my eyes.,לא יכולתי לראות אחרי שהלכלוך נכנס לי לתוך העיניים.
She pushed against the tree with all her strength.,היא דחפה את העץ בכל הכוח שלה.
Would you have brought me along otherwise?,האם היית מביא אותי איתך במקרה אחר?
Will you be among those in the forest?,האם תהיה בין אלו שיהיו ביער?
I don't want to be around when she arrives.,אני לא רוצה להיות בסביבה כשהיא תגיע.
He doesn't move as quickly as she does.,הוא לא זז מהר כמוהה.
We could have traveled at a slower pace.,יכולנו לטייל בקצב יותר איטי.
What you see before you is a huge animal.,מה שאתה רואה לפניך זאת חיה עצומה.
Why won't you get behind her?,למה שלא תהיה מאחוריה?
She wanted me to go down below.,היא רצתה שאני אלך למטה.
"Beneath the tree, an animal just woke up.",מתחת לעץ יש חיה שבדיוק התעוררה.
She had been beside him for the entire journey.,היא הייתה לצידו במשך כל המסע.
I'll decide between staying here and going home.,אני אחליט בין להישאר כאן לבין ללכת הביתה.
He refuses to help anyone beyond his own family.,הוא מסרב לעזור לכל אחד שלא שייך למשפחה שלו.
"I would swim, but it is too early in the day.","הייתי שוחה, אבל זאת שעה יותר מדי מוקדמת."
You might be able to find her by the river.,אתה אולי תוכל למצוא אותה על יד הנהר.
"Despite the weather, I will get there on time.","למרות מזג האוויר, אני אגיע לשם בזמן."
"If you keep jumping up and down, she will leave.","אם תמשיך לקפוץ למעלה ולמטה, היא תעזוב."
It's difficult to swim at such a wild storm.,זה קשה לשחות בסופה כל כך סוערת.
Don't say anything except that you love him.,אל תגידי שום דבר חוץ מזה שאת אוהבת אותו.
She would have made food for you if you'd asked.,"היא הייתה מכינה עבורך אוכל, אם היית מבקש."
They walked from the forest to the river.,הם הלכו מהיער אל הנהר.
He's worried that we've been in the forest for too long.,הוא מודאג שאנחנו נמצאים ביער למשך זמן רב מדי.
Can you believe that a rock is inside this fruit?,האם אתה יכול להאמין שיש אבן בתוך הפרי הזה?
"If she turns him into an animal, I will save him.","אם היא תהפוך אותו לחיה, אני אציל אותו."
It was like the entire forest had suddenly stopped.,זה היה כאילו כל היער עצר לפתע.
She had been near death several times,היא הייתה קרובה למצב של מוות כמה פעמים.
He doesn't want us to be next to him again.,הוא לא רוצה שאנחנו נהיה לידו שוב.
Several friends have forgotten how to swim.,כמה חברים שכחו איך לשחות.
I strayed off the path despite his orders.,סטיתי מהשביל למרות ההוראות שלו.
He found us on his way home from the river.,הוא מצא אותנו כשהוא חזר הביתה מהנהר.
I don't know how we got onto this topic.,אני לא יודע איך הגענו לנושא הזה.
You should get out of the river before sunset.,אתה צריך לצאת החוצה מהנהר לפני השקיעה.
The animals would have flown over the forest.,החיות היו עפות מעל היער.
"If you can't swim, you shouldn't go past this river.","אם אתה לא יכול לשחות, אתה לא צריך להתקדם מעבר לנהר הזה."
"As per the king's orders, you must leave this village.","לפי ההוראות של המלך, אתה חייב לעזוב את הכפר הזה."
"Plus, we can't stay here if you are also here.","בנוסף, אנחנו לא יכולים להישאר כאן אם אתה נמצא פה גם."
I will talk more regarding this matter.,אני אשוחח יותר על הנושא הזה.
Have you seen a large rock 'round here?,האם ראית סלע גדול כאן בסביבה?
She would climb it save for the fact that she is too short.,"היא הייתה מצליחה לטפס על זה, פרט לעובדה שהיא נמוכה מידי."
He has gotten weaker since I last saw him.,הוא נעשה חלש יותר מאז שראיתי אותו לאחרונה.
I would rather eat fruit than meat.,הייתי מעדיף לאכול פירות מאשר בשר.
Maybe this time they will get through to her.,אולי בפעם הזאת הם יצליחו לדבר אל ליבה?
I will keep jumping till they tell me to stop.,אני אמשיך לקפוץ עד שהם יגידו לי לעצור.
Do we want them to give this to us?,האם אנחנו רוצים שהם ייתנו לנו את זה?
They can either move toward the sea or go home.,הם יכולים או לנוע לעבר הים או ללכת הביתה.
The queen will find a rock under some leaves.,המלכה תמצא אבן מתחת לכמה עלים.
He wished he could rest underneath the tree.,הוא קיווה שהוא יוכל לנוח מתחת לעץ.
It is unlike anything I have ever seen.,זה לא דומה לשום דבר שאי פעם ראיתי.
She likes to swim until the sunset.,היא אוהבת לשחות עד שעת השקיעה.
What goes up must come down.,מה שעולה למעלה חייב לרדת למטה.
She used to love gazing upon the water.,פעם היא אהבה להתבונן על המים.
We argued about the forest versus the river.,אנחנו התווכחנו לגבי נושא היער מול הנהר.
"Tomorrow morning, I will have traveled via boat.","מחר בבוקר, אני כבר אסע בסירה."
"If I were with him, I would annoy him.","אם אני הייתי איתו, הייתי מעצבן אותו."
There was a wild animal deep within the cave.,חיית בר שכנה עמוק בתוך המערה.
I shouldn't have left without eating first.,לא הייתי צריך לעזוב בלי לאכול קודם.
"If you had taken another step, I would have laughed.","אם היית עושה צעד נוסף, הייתי צוחק."
Any of the animals could have done this.,כל אחת מהחיות יכלה לעשות זאת.
She used to love anyone who gave her food.,פעם היא אהבה את כל מי שנתן לה אוכל.
Does he think I had anything to do with that?,האם הוא חושב שהיה לי איזה שהוא קשר לזה?
"If you could go anywhere, where would you go?","אם יכולת ללכת לכל מקום, לאן היית הולך?"
Both of us should dance instead of one.,"שנינו  צריכים לרקוד, ולא רק אחד מאיתנו."
Please be certain before you run there.,בבקשה תהיה בטוח לגבי זה לפני שאתה רץ לשם.
Each child should give and receive one gift.,כל ילד צריך לתת ולקבל מתנה אחת.
I thought she was either one or two years old.,חשבתי שהיא הייתה או בת שנה או בת שנתיים.
This is more than enough for her birthday.,זה די והותר עבור יום ההולדת שלה.
She waited for us every day that we were gone.,היא חיכתה לנו כל יום שלא היינו.
He will say everyone has water if you ask.,"הוא יגיד שלכולם יש מים, אם תשאל."
Everything in the forest is green today.,הכל ביער מוריק היום.
Has she been everywhere in the world?,האם היא הייתה בכל מקום בעולם?
There are few people I do not know here.,יש רק מעט אנשים שאני לא מכיר כאן.
This is the last time I will ever climb this tree.,זאת הפעם האחרונה שאני אי פעם אטפס על העץ הזה.
She will expect at least five gifts tomorrow.,היא תצפה ללפחות חמש מתנות מחר.
Why do I have less water than she does?,למה יש לי פחות מים ממה שלה יש?
There is little that he cannot do.,יש ממש מעט דברים שהוא לא מסוגל לבצע.
I have many doubts about your new plan.,יש לי הרבה ספקות לגבי התוכנית החדשה שלך.
She climbs trees more than he does.,היא מטפסת על עצים יותר ממה שהוא מטפס.
That is the most pleased I've ever seen you.,אתה נראה הכי מרוצה שאי פעם ראיתי אותך.
Much of my life has been full of happiness.,רוב חיי היו מלאי אושר.
Neither person had seen the mountains before., אף לא אחד מהאנשים ראה את ההרים האלה בעבר.
We cannot find the tree that is next to the river.,אנחנו לא יכולים למצוא את העץ שנמצא ליד הנהר.
There are no leaves on the trees this year.,אין אף עלים על העצים השנה הזאת.
None of my friends are at home right now.,אף אחד מחבריי לא נמצא בבית עכשיו.
Nothing is wrong with eating fruit.,אין שום דבר רע בלאכול פירות.
The forest is nowhere near the sea!,היער לא קרוב לים בשום אופן!
We had only seen the forest once before.,ראינו את היער רק פעם אחת בעבר.
Hopefully several people show up today.,אני מקווה שכמה אנשים יגיעו היום.
It takes some courage to climb such a tall tree.,זה דורש קצת אומץ לטפס על עץ כל כך גבוה.
"If somebody wants food, we will go to the forest.","אם מישהו רוצה אוכל, אנחנו נלך ליער."
Is there something he wanted to say to them?,האם יש משהו שהוא רצה לומר להם?
They will find a home somewhere around here.,הם ימצאו בית איפה שהוא כאן בסביבה.
That is exactly what I am talking about!,זה בדיוק מה שאני מדבר עליו!
"Whatever your favorite color is, mine is as well.","לא משנה מה הצבע האהוב עליך, יהיה זה הצבע האהוב עלי גם."
She wouldn't remember which tree we visited.,היא לא תזכור ליד איזה עץ היינו.
I will eat bread or fruit: whichever you prefer.,אני אוכל לחם או פירות: איזה מהם שאתה מעדיף.
A river flows through the valley.,נהר זורם דרך העמק.
The setting sun reflecting off the water lights up the area with golden light.,"השמש השוקעת המשתקפת במים, מאירה את האזור באור נוצץ כזהב."
I sat on the rock and watched the sunset through the window.,ישבתי על הסלע וצפיתי בשקיעה מבעד החלון.
He spent last time on a mountain.,הוא היה בפעם האחרונה על ההר.
The moon was appearing behind the clouds at the dark of midnight.,הירח הופיע מאחורי העננים בחשכת חצות הלילה.
A fresh layer of snow covered the path.,שכבת שלג טרייה כיסתה את השביל.
The moon dangles low and large in the dark sky.,הירח במיקומו הנמוך נראה גדול מימדים בשמיים הכהים.
"The sun rose bright and fair, and the morning was without a cloud.","השמש זרחה באור בהיר ונאה, והבוקר היה ללא עננים."
"At sunset, the sky shaded from pink into dark red.","בשעת השקיעה, גוון השמיים משתנה מורוד לאדום כהה."
Birds are singing in the tree.,ציפורים שרות על העץ.
The bird landed gracefully on the water.,הציפור נחתה מעל פני המים בחינניות.
The grass was covered with frost in the early morning.,הדשא הירוק היה מכוסה בקרח בשעת בוקר מוקדמת.
"The gentle rain was over, but drops were still falling from the trees.","הגשם העדין הסתיים, אבל טיפות עדיין ירדו מבין העצים."
The rainbow formed a beautiful arc in the sky.,הקשת בענן יצרה צורת קשת יפהפייה בשמיים.
That wide-eyed innocent look reminded him of a newborn baby.,המבט התמים הזה בעיניים פעורות הזכיר לו תינוק שזה עתה נולד.
The leaves were floating gently down the river.,העלים צפו בעדינות במורד הנהר.
She brought a handful of fruit from the forest.,היא הביאה חופן פירות מהיער.
The air around him was cold like it was being iced.,האוויר סביבו היה קר כאילו הוא היה עשוי קרח.
The bee came to dance on the flower.,הדבורה באה לפזז על הפרח.
Allow in a cool night breeze.,אפשר למשב הרוח הקריר של הערב להיכנס פנימה.
I have many far-off friends whom I never seen.,יש לי הרבה חברים שנמצאים רחוק ממני שאף פעם לא ראיתי.
I was glad to go back to the village to see my home and friends once more.,שמחתי לחזור לכפר לראות את הבית שלי ואת החברים שלי פעם נוספת.
"He has two younger siblings, a brother and a sister.","יש לו שני אחים צעירים ממנו, אח ואחות."
Mom placed a pot of brightly colored flowers on the table.,אימא הניחה צנצנת עם פרחים בצבעים בהירים על השולחן.
She returned to the meadow and sat down on the grass.,היא חזרה לאחו וישבה על הדשא.
"There was a small interesting rock beside the tree, on which there was a frog.","הייתה אבן קטנה ומסקרנת על יד העץ, ועליה הייתה צפרדע."
He used to go out with his friends every night.,פעם הוא היה יוצא עם החברים שלו כל לילה.
"Across the way, warm sun light showed through the dense forest.","על פני הדרך, ניתן היה להבחין באור שמש חמים דרך היער הצפוף."
The way a butterfly flutters from flower to flower is graceful.,הדרך בה פרפר מעופף מפרח לפרח היא חיננית.
The flowers this year which bloomed in the early spring have stayed abundant.,"הפרחים של השנה הזאת, שהגיעו לשיא פריחתם בתחילת האביב, עדיין היו מצויים בשפע."
He waded out of the water and laid his socks and shirt on a rock in the sun to dry.,"הוא פילס את דרכו אל מחוץ למים, והניח את הגרביים ואת החולצה שלו על סלע להתייבש בשמש."
Our last halt was under a wild berry push a short distance from the lake.,"העצירה האחרונה שלנו הייתה על יד שיח פירות יער, מרחק קצר מהאגם."
"She looked up at the glowing clouds, from which snow had begun to fall again.","היא הביטה מעלה על העננים הבוהקים, אשר מהם החל לרדת השלג שוב."
Fruits of great variety are grown in the valley and foothills.,פירות ממבחר עצום גדלים בעמק ולמרגלות ההר.
The country has a beautiful sandy beach.,לאזור הכפרי יש חוף חולי יפהפה.
She tossed her head back to stare at the stars.,היא הזיזה את ראשה לאחור במהירות כדי לבהות בכוכבים.
He was living on the hilltop with a flock of two hundred elk.,הוא חי במעלה הגבעה עם עדר של מאתיים איילים.
The little boy was halfway to the lake when mom spoke to him.,"הילד הקטן היה במחצית דרכו לאגם, כאשר האם דיברה אליו."
A single gentle rain makes the grass many shades greener.,די בגשם עדין בודד כדי לגרום לדשא להיראות בגוון הרבה יותר ירוק.
"There was nothing dangerous about the forest, except snakes and insects.",לא היה שום דבר מסוכן לגבי היער חוץ מנחשים ומחרקים.
"Below the falls, a large beautiful rainbow gave color to the rising mist.","מתחת למפלים, קשת בענן גדולה ויפה צבעה בצבע את הערפל העולה."
Everything is ready for the forest walk.,הכל מוכן עבור ההליכה ביער.
He smelled the fragrance of wildflowers while walking on a path that led to the pond.,הוא הריח את ניחוח פרחי הבר בזמן שהוא צעד בשביל שהוביל לבריכה.
The desert was basking in an orange sunset when they finally stopped.,"המדבר היה שטוף באור שקיעה כתום, כאשר הם סוף סוף עצרו."
The birds flew to their nests in the evening.,הציפורים עפו לקנים שלהן בערב.
"Water was dripping from the trees, and the land was wet.",המים טפטפו מהעצים והאדמה הייתה רטובה.
Snow crunched under her feet and quickly soaked her gear.,השלג נרמס תחת רגליה והרטיב במהירות את הציוד שלה.
It was at the beginning of winter.,זה היה בתחילתו של החורף.
"Nature was at her peak, blending the wild blooms with various shades of green.","הטבע היה בשיאו, משלב בצמחיית הבר הפורחת גוונים שונים של ירוק."
It lies in a hilly well-wooded landscape above the valley of the small river.,"זה נמצא בסביבה משופעת גבעות עם עצים רבים מעל העמק, היכן שנמצא הנהר הקטן."
The birds saw the little girl who was walking among the trees and flew down to greet her.,הציפורים הבחינו בילדה הקטנה שהלכה בין העצים והתעופפו מטה לקדם את פניה.
She glanced down at the bird's nest in her hand.,היא הביטה לרגע מטה אל עבר קן הציפור שבידה.
She studied the berry-like seeds that grew in a cluster at the top of the bush.,היא בחנה את הגרעינים שדמו במראם לפירות יער אשר צמחו כאשכול בחלקו העליון של השיח.
"The yard of the super old house was completely covered with plants, rocks, and animals.","החצר של הבית הישן הייתה מאוכלסת במלואה בצמחים, אבנים וחיות."
There was not a breath of wind to stir the young leaves on the trees.,לא היה אף משב רוח שינענע את העלים שאך צמחו על העצים.
"The climate is extremely hot and dry in summer, while the winter temperature is mild and pleasant.","מזג האוויר הוא חם בצורה קיצונית ויבש בקיץ, בעוד שטמפרטורת החורף היא מתונה ונעימה."
"When traveling through the countryside you see many inspiring mountains, streams, valleys, and lakes.","כשמטיילים דרך אזור הכפר ניתן לראות הרבה הרים, נחלים קטנים, עמקים ואגמים מלהיבים."
It was so close to the sea that those who lived in it could hear the waves forever beating against the shore.,"זה היה כל כך קרוב לים, שמי מהאנשים שהתגוררו שם יכל לשמוע את הגלים מכים ללא הרף בחוף."
The island is very picturesque with rolling green hills surrounded by glorious coastal scenery.,"האי הוא מאוד ציורי, עם גבעות ירוקות המשתרעות לאופק ומוקף סביבה חופית מרהיבה."
The ocean breeze brought that familiar scent back.,משב הרוח בים העלה בי שוב את הניחוח המוכר.
The warm sun shined on the tall powerful trees and drew out all their fragrance.,השמש החמימה האירה באורה את העצים הגבוהים והעצומים ופיזרה את ניחוחם באוויר.
It was very pleasant out in the shady woods.,זה היה מאוד נעים להיות בחורשה המוצלת.
They were sitting around the fire and trying to keep each other warm.,הם ישבו סביב המדורה וניסו לחמם אחד את השני.
She opened her eyes and blinked at the sunlight streaming through the forest.,היא פקחה את עיניה ומצמצה למראה אור השמש אשר פילס את דרכו דרך היער.
An old man decides it's time to get a new rock for his collection.,איש זקן החליט שהגיע הזמן להשיג אבן חדשה עבור האוסף שלו.
"One day in spring, three men were riding together along a country road.","יום אחד בזמן האביב, שלושה אנשים רכבו יחד לאורך דרך כפרית."
She walked for half an hour until the rain began to trickle through the tree tops.,היא הלכה במשך חצי שעה עד שהגשם החל לטפטף דרך צמרות העצים.
The soothing sound of water running over stones greeted them as they neared the creek.,הצליל המרגיע של מים הזורמים על פני אבנים קידם את פניהם כאשר הם התקרבו לנחל.
The old creaking tree spread a blanket of shade in the grass beside the pond.,העץ החורק הישן פרס מעטה של צל על הדשא שעל יד הבריכה.
I love the beautiful spring because the budding trees and the blossoming flowers are so abundant.,אני אוהב את האביב היפהפה בגלל העצים המלבלבים והפרחים הפורחים המצויים בשפע.
"Whenever my aunt comes to visit, she brings some good gifts for my family.","בכל פעם שהדודה שלי מגיעה לבקר, היא מביאה איתה כמה מתנות יפות עבור המשפחה שלי."
He took his children far away to a green valley.,הוא לקח את הילדים שלו הרחק לעמק ירוק.
I am pleased because I love the warm sunshine and the fragrant flowers.,אני מרוצה בגלל שאני אוהב את השמש החמימה ואת נינוח הפרחים.
"After a while, they were riding around the side of a steep hill through tall grass.","לאחר זמן מה, הם רכבו סביב צידה של גבעה תלולה דרך צמחייה גבוהה.  "
Old meadows provide a home for many colorful plants.,שדות מרעה אשר קיימים זמן רב מהווים בית גידול להרבה צמחים צבעוניים.
The warm sun had melted most of the snow from the path.,השמש החמימה המיסה את מרבית השלג מהשביל.
She glanced back over her shoulder at the huge rock on the hill.,היא הביטה בחטף מעבר לכתפה אל עבר הסלע העצום שעל הגבעה.
The sun peeked over the desert horizon to the east.,השמש הבליחה מעבר לאופק המדבר לכיוון מזרח.
Ahead was nothing but a narrow dirt path lined with mature trees and bushes.,מלפנים לא היה דבר חוץ משביל מלוכלך וצר שלאורכו נפרסו בשורה עצים בוגרים ושיחים.
We shall all live together in a small place near one of the lakes beyond the forest.,כולנו צריכים לחיות יחדיו במקום קטן בקרבת אחד האגמים מעבר ליער.
I took a scenic ride through the ever infinite land.,יצאתי לנסיעה לראות נופים לאורכם של מרחבים אינסופיים.
He imagined the way the ocean breeze zipped straight into their tent.,הוא דמיין את האופן שבו משב רוח ימי ינשוב במהירות ישירות אל תוך האוהל שלהם.
"In the evening, we would walk in the yard and catch the grasshoppers and butterflies.","בערב, היינו הולכים לחצר ותופסים חגבים ופרפרים."
The sun set too early on that autumn day.,השמש שקעה מוקדם מדי ביום הסתווי הזה.
The valleys within the hill ranges are fragrant with aromatic shrubs.,העמקים בתוך רכסי הגבעות שופעים ריחות של שיחים ריחניים.
He skipped a stone across the pond.,הוא הקפיץ אבן לאורך הבריכה.
"She glanced up at her friend, who was sitting against a tree watching her.","היא הביטה לרגע בחברה, שהיה שעון על עץ בעודו צופה בה."
Have you ever seen a rainbow?,האם ראית אי פעם קשת בענן?
"Yesterday, I had a chance to view a rainbow.","אתמול, הייתה לי הזדמנות לראות קשת בענן."
The rainbow was far and high but neither thick nor full.,הקשת בענן הייתה רחוקה וגבוהה אך צורתה לא הייתה עבה או מלאה.
I will be lucky to see a rainbow again.,אני אהיה בר מזל לראות קשת בענן שוב.
This evening we might see a beautiful double rainbow.,הערב הזה אנחנו ייתכן ונראה קשת בענן כפולה יפהפייה.
I heard the animals chewing grass.,שמעתי את החיות מלחכות עשב.
I looked at the many birds along the path.,הבטתי בציפורים הרבות לאורך השביל.
"The birds made short, high pitched sounds.",הציפורים השמיעו צלילים קצרים בטון גבוה.
I was very tired after the long day deep in the forest.,הייתי מאוד עייף אחרי היום הארוך בעומק היער.
We did not have enough energy to play games.,לא הייתה לנו מספיק אנרגיה כדי לשחק משחקים.
"Still, we were asked to see how far we could throw these rocks.","עדיין, נתבקשנו לראות עד כמה רחוק נוכל להטיל את הסלעים האלה."
"He loudly counted one, two, three to start the game.","הוא ספר בקול רם, אחת, שתיים, שלוש כדי להתחיל את המשחק."
We could dig some soil and build a mountain.,יכולנו לחפור כמות אדמה מסוימת ולבנות הר.
We even jumped out because it was not very high.,אפילו קפצנו החוצה בגלל שזה לא היה מאוד גבוה.
I just felt that we must again go to this forest for another fun time.,אני פשוט הרגשתי שאנחנו חייבים ללכת שוב ליער הזה לבלות בנעימים פעם נוספת.
It was too late when we came back home.,זה כבר היה יותר מידי מאוחר כשחזרנו הביתה.
"Later in the calm of the night, when you get a chance.","מאוחר יותר, בשקט של הלילה, כשתהיה לך הזדמנות."
I also saw the moon in the sky.,אני גם ראיתי את הירח בשמיים.
"The stars looked very small, yet they did flicker.","הכוכבים נראו קטנים מאוד, אך הם עדיין הבהבו."
It's pretty hard to see stars on a cloudy day.,זה די קשה להבחין בכוכבים ביום מעונן.
Where did the stars and the moon go?,לאן השמש והירח נעלמו?
I went to sleep late at night.,הלכתי לישון מאוחר בלילה.
What a pretty rabbit it is!,איזה ארנב יפה הוא!
She hopped out of her burrow.,היא קפצה החוצה מהמאורה שלה.
Her eyes look all around eagerly.,העיניים שלה הביטו סביב בלהיטות.
She perches on her toes and keeps her ears sharp and steady.,היא עמדה על קצות האצבעות שלה ושמרה על אוזניה ערניות במצב של זהירות.
"There was a breeze, then the rain followed.","היה משב של רוח, לאחר מכן ירד גשם."
"Like a hunter, she looks around.",היא מביטה סביבה כמו ציידת.
She licks her ears and rubs her paws.,היא ליקקה את אוזניה ושפשפה את הכפות שלה.
Then there seemed to be gold in the rock.,"ואז, היה זה נראה שזהב נמצא בתוך הסלע."
"They do not stop or give up, and instead continue to go ahead.","הם לא עוצרים או מוותרים, ובמקום זה הם ממשיכים ללכת קדימה."
"Hence, they never stop, going on all day seemingly forever.","לכן, הם לעולם לא עוצרים, וממשיכים כל היום במה שנראה כנצח."
The digging in the middle of the tunnel does not stop.,החפירות באמצע המנהרה אינן פוסקות.
"Even when one rabbit stops to rest, others take over and continue the process.","אפילו כאשר ארנב אחד עוצר לנוח, אחרים תופסים פיקוד וממשיכים את התהליך."
"If it rains heavily, how can they continue?","אם גשם כבד יורד, איך הם יכולים להמשיך?"
Then they will have to stay home.,"אם כן, הם יהיו מוכרחים להישאר בבית. "
It rains.,יורד גשם.
What should I do next?,מה אני צריך לעשות הלאה?
The day is ending.,היום מתקרב לסיומו.
Sun is sinking and the moon is becoming visible.,השמש שוקעת והירח נגלה.
"So, the rabbit has to take shelter and go to sleep.","אז, הארנב היה צריך למצוא מחסה וללכת לישון."
It is still so dark.,זה עדיין מאוד חשוך.
I woke up from my sleep to see the next bright day.,קמתי מהשינה שלי כדי לחזות ביום הבהיר הבא.
I wonder why you hardly ever see that in real life.,אני תוהה למה אתה בקושי רואה את זה בחיים האמיתיים.
I told my friends about my dream.,סיפרתי לחבריי על החלום שלי.
The sun rises and falls in a seemingly endless cycle.,השמש זורחת ושוקעת במעגל הנראה אינסופי.
"Finally, there is no more moon for us to see.","לבסוף, לא יכולנו לראות עוד את הירח."
Where did the moon go?,לאן הירח נעלם?
What is left but a tree containing endless fruit?,מה נשאר עוד חוץ מעץ שמניב פירות ללא סוף?
"Yes please, let's do it!","כן בבקשה, בואו נעשה את זה!"
"Okay, if you think that is the best path."," אוקיי, אם אתה חושב שזאת הדרך הטובה ביותר."
The bird seems to be flying upside down.,זה נדמה שהציפור עפה לה במהופך.
I don't see why that tree needs to be so tall.,אני לא רואה למה העץ הזה צריך להיות כל כך גבוה.
I often lose myself in the beauty of the forest.,אני לעיתים קרובות מאבד את עצמי בתוך יופיו של היער.
"Since we last walked here, the tree has grown by quite a lot.","מאז שהלכנו פה בפעם האחרונה, העץ גדל די הרבה."
"However, it would be a lot more interesting to just jump in ourselves.","עם זאת, זה יהיה הרבה יותר מעניין פשוט לקפוץ פנימה בעצמנו."
This is basically the way trees grow.,זאת היא בעצם הדרך בה עצים גדלים.
Put in a good word for me.,תגיד עלי מילה טובה.
We will be together until the end.,אנחנו נהיה ביחד עד הסוף.
I love late night walks.,אני אוהב טיולים בשעת לילה מאוחרת.
Will you love me forever?,האם תאהב אותי לנצח?
She loves the color of the sky in the early morning.,היא אוהבת את הצבע של השמיים בשעות הבוקר המוקדמות.
"The tree has black leaves, long, slender, and beautiful.","העץ בעל עלים שחורים, ארוכים דקיקים ויפים."
Flowers roses grew all around the house.,פרחים ושושנים צמחו סביב כל הבית.
Look at that clear blue sky!,הבט בשמיים הבהירים והכחולים האלה!
Purple flowers everywhere!,ישנם פרחים סגולים בכל מקום!
"The way he moved, he made it look so easy.","בדרך שבה הוא זז, הוא גרם לזה להיראות כל כך קל."
The rain was falling down hard.,הגשם ירד בחוזקה.
How high can trees grow amongst other trees in the forest?,כמה גבוה יכולים עצים לגדול בין עצים אחרים ביער.
Lower your voice.,תנמיך את הקול שלך.
I was living on a big piece of land when I was young.,התגוררתי בחלקת אדמה נרחבת כשהייתי צעיר.
That tree is pretty darn big.,העץ הזה הוא די גדול.
My imagination runs wild sometimes.,הדמיון שלי משתולל לפעמים.
The forest was full of wild flowers.,היער היה מלא בפרחי בר.
The lake is calm today.,האגם שקט היום.
Sitting still helps me stay calm when I am having a bad day.,ישיבה ללא תזוזה עוזרת לי להישאר רגוע כשעובר עליי יום רע.
We wanted to get closer to the wild animals because they were so beautiful.,רצינו להתקרב לחיות הבר כי הן היו כל כך יפות.
Don't stand so close to the fire.,אל תעמוד כל כך קרוב לאש.
The storm is far away from here thankfully.,הסופה רחוקה מכאן למרבה המזל.
This is the oldest tree on the land.,זהו העץ העתיק ביותר בשטח האדמה.
This forest is full of very old trees.,היער הזה מלא בעצים מאוד עתיקים.
"The season is currently changing, as you can see since the leaves are getting brown.","העונות מתחלפות כעת, כמו שאתה יכול לראות, כי צבע העלים נהיה חום."
It was as hard as rock.,זה היה קשה כמו סלע.
Sun is a huge source of energy.,השמש היא מקור עצום של אנרגיה.
She felt energy rushing through her.,היא הרגישה אנרגיה זורמת בגופה.
"If you follow this dirt path that way, you will reach a small forest.","אם תלך אחר שביל העפר הזה בכיוון הזה, תגיע ליער קטן."
I have good feeling about this.,יש לי הרגשה טובה לגבי זה.
My father is a really good man.,אבא שלי הוא אדם ממש טוב.
What is your sibling's name?,מה הוא שם אחיך?
"Go to sleep, sweet child.","לך לישון, ילד חמוד."
Family matters.,המשפחה חשובה.
Welcome to our small but loving family.,ברוך הבא למשפחה הקטנה אך האוהבת שלנו.
"Peace be with you, friend.","שלום עליך, חבר."
"One kiss, one hug and one smile is all that it takes.","נשיקה אחת, חיבוק אחד וחיוך אחד הם כל מה שנדרש."
For two years I dreamed of climbing that mountain.,במשך שנתיים חלמתי לטפס על ההר ההוא.
Knock three times.,תדפוק שלוש פעמים.
Where is your favorite place?,היכן המקום האהוב עליך?
"He jumped around the field, trying to catch a butterfly.","הוא קפץ ברחבי השדה, בניסיון לתפוס פרפר."
We need to dig a hole and plant this seed.,עלינו לחפור בור ולשתול את הגרעין הזה.
Do you have a plan for the adventure?,יש לך תוכנית עבור ההרפתקאה?
I could hear interesting sounds like a song traveling through the night across the beautiful sea.,יכולתי לשמוע צלילים מעניינים כמו שיר הנישא במהלך הלילה לרוחבו של הים היפהפה.
"If you look carefully around you, you will find beauty everywhere.","אם תביט היטב סביבך, תמצא יופי בכל מקום."
Who do you see in the lake?,את מי אתה רואה באגם?
Come and find me.,בוא ותמצא אותי.
Find your true path.,תמצא את הדרך האמיתית שלך.
She could not resist the call of the wild.,היא לא יכלה להתנגד לקריאתו של הטבע.
Call me tomorrow.,תתקשר אליי מחר.
I hope so too.,אני מקווה גם כן.
"Aside from being pretty, this flower is also rare.","חוץ מהיותו יפה, הפרח הזה הוא גם נדיר."
Rain is falling once again.,הגשם יורד פעם נוספת.
"We must leave, otherwise we will snowed in.","עלינו לעזוב, אחרת נטבע בשלג."
"It is very cold outside, hence I am wearing a coat.","מאוד קר בחוץ, לכן אני לובש מעיל."
This was a rich forest a while ago.,לא מזמן היער הזה היה שופע צמחייה.
Go straight ahead and you will find it.,לך ישר קדימה ואתה תמצא את זה.
She was hiding behind the giant bush.,היא התחבאה מאחורי השיח הענק.
Birds are flying over the land.,ציפורים עפות מעל שטח האדמה.
I will plant a tree right here.,אני אשתול עץ בדיוק כאן.
There are many animals in this forest.,יש המון חיות ביער הזה.
What is all this?,מה פשר כל זה?
This is totally my favorite place.,זה לחלוטין המקום האהוב עליי.
May I have some water please?,האם אני יכול לקבל מעט מים בבקשה?
How long will this storm last?,עד מתי הסופה הזאת תימשך?
"In the middle of the forest, you can see an old log rotting away into the ground.","באמצע היער, תוכל לראות בול עץ זקן נרקב באדמה."
Sunrise is one of the beautiful parts of the day.,זריחה היא אחד מהחלקים היפים של היום.
Let's stay here for an hour longer.,בוא נישאר כאן למשך שעה נוספת.
Every year I go and walk by the lake.,כל שנה אני יוצא ומטייל על יד האגם.
The bird is still sitting still on the branch.,הציפור עדיין יושבת ללא תזוזה על הענף.
Don't wander off too far.,אל תתרחק יותר מדי.
Tell me if you can see the moon tonight.,תאמר לי אם אתה יכול לראות את הירח הלילה.
I was eating the fruit but then I decided that I want to eat something else.,אכלתי את הפרי אבל אז החלטתי שאני רוצה לאכול משהו אחר.
Who planted the big tree over there?,מי שתל את העץ הגדול שם?
What will happen to the grass when winter comes?,מה יקרה לדשא כשהחורף יגיע?
I know where bunnies hide.,אני יודע היכן ארנבונים מתחבאים.
I always wondered why water has no taste.,תמיד תהיתי מדוע מים הם חסרי טעם.
How did you sleep?,איך ישנת?
Sometimes I like to travel far away from home.,לפעמים אני אוהב לטייל הרחק מהבית.
Love is not just a word.,אהבה היא לא רק מילה.
"We must take care of this planet, to be honest.","אם אהיה כנה, עלינו לדאוג לכדור הארץ הזה."
If I plant five trees maybe at least one will grow.,אם אני שותל חמישה עצים אולי אחד יגדל לפחות.
I never saw such wonderful river in my entire life.,מעולם לא ראיתי נהר נפלא כזה בכל ימי חיי.
"Over time, nature healed, and grass, trees and animals replaced the bare dirt.","עם הזמן, הטבע החלים, ודשא, עצים וחיות החליפו את האדמה החשופה."
Sundown is another beautiful part of my day.,שקיעה היא חלק נוסף יפה מהיום שלי.
I like to sit down on soft and bright green grass.,אני אוהב לשבת על דשא ירוק בהיר ורך.
Snow was falling all night and in the morning everything was white.,שלג ירד כל הלילה ובבוקר הכל התכסה בלבן.
Oceans are just too big!,אוקיינוסים הם פשוט גדולים מידי!
"Seven years ago, I saw a huge owl right there.","לפני שבע שנים, ראיתי ינשוף ענק ממש שם."
We like swimming in the river.,אנו אוהבים לשחות בנהר.
Stars shine bright tonight.,כוכבים זורחים באור בהיר הלילה.
A little wolf is playing with the wooden stick.,זאב קטן משחק עם המקל מעץ.
Sand on this beach is totally black.,החול בחוף הזה הוא לגמרי שחור.
"The light in the sky was blue and green, moving slowly, like magic.","האור בשמים היה כחול וירוק, ונע באיטיות, כמו קסם."
I can see the trees growing along the shore.,אני יכול לראות את העצים גדלים לאורך החוף.
"The air is crisp and fresh, and the night sky is clear.","האוויר נקי וצח, ושמי הלילה בהירים."
There is one last leaf left hanging from the barren tree.,יש עלה אחרון אחד שנשאר תלוי מהעץ השומם.
This summer my family is going on a long walk around the lake.,הקיץ הזה משפחתי יוצאת לטיול ארוך בסביבת האגם.
One of his eyes was purple and the other one was blue.,אחת מעיניו הייתה סגולה והשנייה הייתה כחולה.
It seems like it used to rain almost every day when I was a child.,כשהייתי ילד נראה היה שיורד גשם כמעט כל יום.
The sea covers a larger part of the earth.,הים מכסה חלק נרחב מכדור הארץ.
"The bushes surround the forest, creating a boundary that protects the landscape.","השיחים מקיפים את היער, יוצרים גבול שמגן על הנוף."
The bees love to suck on the nectar of flowers.,הדבורים אוהבות לינוק את צוף הפרחים.
"These type of red rocks are rarely found, you have to be extremeley patient while digging.","נדיר למצוא את הסוג הזה של סלעים אדומים, עליך להיות סבלני מאוד בזמן החפירה."
Ocean waves were very high that day years back.,גלי האוקיינוס היו מאוד גבוהים ביום ההוא לפני שנים רבות.
"Dark clouds part, allowing the suns rays to enter once again.","עננים כהים נפרדים אחד מהשני, מאפשרים לקרני השמש לחדור פעם נוספת."
Sunshine in the northern part of the country seems a lot different from the south.,זריחה בחלקה הצפוני של הארץ נראית שונה מאוד מזאת בחלקה הדרומי.
Shrubs are pretty much always seen growing all over the forest floor.,ניתן לראות כמעט תמיד שיחים גדלים בכל רחבי קרקעית היער.
Did you ever climb up that super tall hill behind that one tree?,האם יצא לך אי פעם לטפס על הגבעה הסופר גבוהה הזאת מאחורי העץ הזה?
"It's too far, we cannot walk there now, it's too late.","זה רחוק מדי, אנחנו לא יכולים ללכת לשם עכשיו, כבר מאוחר מדי."
"I like making this place mine, keeping it clean and fresh for anyone who comes by.","אני אוהב להפוך את המקום הזה לשלי, לשמור עליו נקי ורענן בשביל כל מי שיגיע לביקור."
"Look, the fire is blue right now, that is so cool!","הבט, האש בצבע כחול כעת, זה ממש מגניב!"
Have you ever tried making a fire all on your own?,האם אי פעם ניסית להצית אש בעצמך?
"You never actually see trees growing, they grow too slowly.","למעשה אתה אף פעם לא רואה עצים גדלים, הם גדלים בצורה איטית מדי."
And so I kept dreaming like it was real life.,ובכן המשכתי לחלום כאילו שזה היה החיים האמיתיים.
