"english","spanish"
"We hear children.","Escuchamos a niños."
"The leaf is green.","La hoja es verde."
"You see red dirt.","Ves tierra roja."
"The small child jumps.","El niño pequeño salta."
"My parents are here.","Mis padres están aquí."
"What is the year?","¿Cual es el año?"
"I have a good family.","Tengo una buena familia."
"There are two fruits.","Hay dos frutas."
"This leaf is small and green.","Esta hoja es verde y pequeña."
"My sibling is home again.","Mi hermano volvio a casa."
"The white rock moves.","La roca blanca se mueve."
"Are you calm today?","¿Estás tranquilo hoy?"
"Find the purple fruit!","¡Encuentra la fruta morada!"
"Who is your sibling?","¿Quién es tu hermano?"
"I am behind the tree.","Estoy detrás del árbol."
"The dirt is black.","La tierra es negra."
"Can you see us?","¿Puedes vernos?"
"They cannot hear you.","No pueden oírte."
"Jump three times.","Salta tres veces."
"Find it again.","Encuéntralo de nuevo."
"Her friend is climbing a tree.","Su amiga está trepando a un árbol."
"The red fruit is close to you.","La fruta roja está cerca tuyo."
"How do I find the biggest tree?","¿Cómo encuentro el árbol más grande?"
"It is time to dig for rocks.","Es hora de cavar en busca de rocas."
"What color is the star tonight?","¿De qué color es la estrella esta noche?"
"I do not know the time.","No sé la hora."
"Is your rock purple or white?","¿Tu piedra es morada o blanca?"
"Calling her parents is too hard.","Llamar a sus padres es demasiado difícil."
"Did you see the yellow star?","¿Viste la estrella amarilla?"
"Count one, two, three.","Cuenta uno, dos, tres."
"She will call me tomorrow.","Ella me llamará mañana."
"He was your first friend.","El fue tu primer amigo."
"I want to see, too.","Yo también quiero ver."
"I see a lot of dirt over there.","Veo mucha tierra allí."
"This is not a very ripe piece of fruit.","Esta fruta no esta muy madura."
"Why will she be wild today, do you think?","Porqué crees que estará salvaje hoy?"
"I am the middle child of my family.","Soy el hijo del medio en mi familia."
"She was very small last year.","El año pasado era muy pequeña."
"Do not move my small fruit!","¡No muevas mi fruta pequeña !"
"Will I find them behind a tree?","¿Los encontraré detrás de un árbol?"
"She said I should not climb there.","Ella dijo que no debería subir allí."
"I like that you always have a plan.","Me gusta que siempre tengas un plan."
"We are too far away to see the tree.","Estamos demasiado lejos para ver el árbol."
"It would be good to see my home again.","Sería bueno ver mi casa de nuevo."
"Get off that tree or I will call your parents!","¡Bájate de ese árbol o llamaré a tus padres!"
"He thought she could see him.","Él pensó que ella podía verlo."
"It is hard to have so much energy.","Es difícil tener tanta energía."
"I planned to call you yesterday.","Planeaba llamarte ayer."
"Don't dig over there because it's too far.","No caves allí porque está demasiado lejos."
"What time did he say he would call?","¿A qué hora dijo que llamaría?"
"Maybe they should go home now.","Quizás ellos deberían irse a casa ahora."
"They had not looked for a rock of that color.","No habían buscado una roca de ese color."
"He used to be our calmest friend.","Solía ser nuestro amigo más tranquilo."
"They wanted us to find a purple leaf.","Querían que encontráramos una hoja púrpura."
"When can you plan our next dig?","¿Cuándo puedes planificar nuestra próxima excavación?"
"Please move it to a better time.","Por favor, muévalo a un mejor momento."
"Is it too late to call your parents?","¿Es demasiado tarde para llamar a tus padres?"
"I didn't plan on doing that ever again!","¡No planeaba hacer eso nunca más!"
"I wish you could see this like I do.","Ojalá pudieras ver esto como yo lo veo."
"Will you only look for your family?","¿Solo buscarás a tu familia?"
"We have seen the star high in the sky.","Hemos visto la estrella arriba en el cielo."
"We are aboard a boat.","Estamos a bordo de un barco."
"She talked about the sun.","Ella habló acerca del sol."
"The sky is above the sea.","El cielo está sobre el mar."
"They will be across the water.","Estarán al otro lado del agua."
"He wanted to rest after the long night.","El quería descansar después de la larga noche."
"Are you with them or against them?","¿Estás con ellos o contra ellos?"
"We walked along the trail for an hour.","Caminamos por el sendero durante una hora."
"There might be animals among us.","Puede que haya animales entre nosotros."
"We must go around the forest.","Debemos ir alrededor del bosque."
"He is as tall as a tree.","Es tan alto como un árbol."
"Are you at the home right now?","¿Estás en casa ahora mismo?"
"Let's eat before we talk.","Comamos antes de hablar."
"I think you should follow behind.","Creo que deberías seguir detrás."
"The water below me is brown.","El agua debajo de mí es marrón."
"Swimming in the evening is beneath her.","Nadar por la noche está por debajo de ella."
"The fruit is beside the river.","La fruta está al lado del río."
"Nothing is between me and the sky.","Nada se interpone entre el cielo y yo."
"Do you want to see beyond the forest?","¿Quieres ver más allá del bosque?"
"She is not kind, but I still like her.","Ella no es amable, pero todavía me agrada."
"Rest with me by the fire.",Descansa conmigo junto al fuego.
"She loves her despite her appearance.","Ella la ama a pesar de su apariencia."
"The tree has fallen down!","¡El árbol cayó!"
"Did she wake up at the night?","¿Ella se despertó por la noche?"
"Everyone left except him.","Todos se fueron excepto él."
"The stars shine for them.","Las estrellas brillan para ellos."
"Is this gift from him or her?","¿Es este un regalo de él o de ella?"
"Have they swum in the river before?","¿Han nadado antes en el río?"
"Please go inside in a couple minutes.","Por favor, entra en un par de minutos."
"They will go into the forest without fear.","Entraran al bosque sin miedo."
"She is like a wild animal.","Ella es como un animal salvaje."
"Don't let her get near the river.",No dejes que se acerque al río.
"My friend is sitting next to her sibling.","Mi amiga está sentada junto a su hermano."
"A lot of the fruit is gone.","Mucha de la fruta a desaparecido."
"How should he jump off the tree?","¿Cómo debería saltar del árbol?"
"They were sitting on the dirt.","Estaban sentados en el suelo."
"They have climbed onto the tree.","Se han subido al árbol."
"There will be five animals out in the forest.","Habrá cinco animales en el bosque."
"Jump over the yellow dirt.","Salta sobre la tierra amarilla."
"Be careful walking past the animal.","Ten cuidado al pasar junto al animal."
"There would be two fruits per person.","Habría dos frutas por persona."
"Two plus two is four.","Dos más dos son cuatro."
"Let's have a chat regarding the child.","Tengamos una charla acerca del niño."
"We walked 'round the tree.","Caminamos alrededor del árbol."
"All of us left save for my parent.","Todos nos fuimos excepto mi padre."
"I won't come since I have no money.","No voy a venir porque no tengo dinero."
"Is he older than her?","¿El es mayor que ella?"
"She wants us to go through the forest.","Quiere que vayamos por el bosque."
"We slept till the sunrise.","Dormimos hasta el amanecer."
"Are you going to the river?","¿Vas al río?"
"Look toward the stars for guidance.","Mire hacia las estrellas para que te guíen."
"Why is he under the water?","¿Por qué está bajo el agua?"
"Underneath his appearance is a kind heart.","Debajo de su apariencia hay un corazón bondadoso."
"Unlike me, she is very fast.","A diferencia de mí, ella es muy rápida."
"Wait until I am ready.","Espera hasta que esté listo."
"The fish swim up to the surface.","Los peces nadan hasta la superficie."
"He sits upon a throne.","El está sentado en un trono."
"Let's talk about swimming versus running.","Hablemos de nadar comparado a correr."
"She told them via letter.","Ella les dijo por carta."
"Why aren't you with me?","¿Por qué no estás conmigo?"
"Fear is not within their heart.","El miedo no está dentro de su corazón."
"Don't go without us!","¡No te vayas sin nosotros!"
"Please have another piece of fruit.","Por favor, come otra fruta."
"Do you have any water?","¿Tienes agua?"
"Anyone can dance.","Todos pueden bailar."
"We will do anything for her.","Haremos cualquier cosa por ella."
"Let's travel anywhere but here.","Viajemos a cualquier parte menos aquí."
"They want both fruit and water.","Quieren fruta y agua."
"Are you certain of that?","¿Estás seguro de eso?"
"He loves each animal equally.","Él ama a todos los animales por igual."
"You can have either this or that.","Puedes tener esto o aquello."
"They don't have enough leaves.","No tienen suficientes hojas."
"Every child has a favorite color.","Cada niño tiene un color favorito."
"Is everyone okay with the plan?","¿Están todos de acuerdo con el plan?"
"The sun shone on everything.","El sol brillaba sobre todo."
"Everywhere I go, I smile.","Dondequiera que voy, sonrío."
"A few children like swimming.","A algunos niños les gusta nadar."
"Where were you last night?","¿Dónde estabas anoche?"
"It the least intelligent animal.","Es el animal menos inteligente."
"Give me less fruit.","Dame menos fruta."
"They are a little tired.","Están un poco cansados."
"Many people love the sea.","Mucha gente ama el mar."
"She wanted more water.","Ella quería más agua."
"Most forests have lots of trees.","La mayoría de los bosques tienen muchos árboles."
"I don't have much, but it's enough.","No tengo mucho, pero es suficiente."
"That animal can neither run nor walk.","Ese animal no puede correr ni caminar."
"Do you want to sit next to her?","¿Quieres sentarte a su lado?"
"No, they can't eat rocks!","¡No, no pueden comer piedras!"
"None of them are coming.","Ninguno de ellos vendrá."
"Nothing can stop me.","Nada puede detenerme."
"I have nowhere I need to go.","No tengo ningún lugar a donde deba ir."
"I once ate fruit.","Una vez comí fruta."
"Several children can climb.","Muchos niños pueden trepar."
"Some parents don't know me.","Algunos padres no me conocen."
"Somebody help, please!","¡Que alguien me ayude, por favor!"
"Something is in the water.","Hay algo en el agua."
"I am somewhere in the forest.","Estoy en algún lugar en el bosque."
"What is your name?","¿Cuál es tu nombre?"
"We can make whatever he wants.","Podemos hacer lo que quiera."
"Which of you is a parent?","¿Quién de ustedes es un padre?"
"Visit whichever forest is west of here.","Visita cualquier bosque que esté al oeste de aquí."
"If the fruit is big and low to the ground, you can eat it.","Si la fruta es grande y baja al suelo, puedes comerla."
"Just move over here and then you can hear the children.","Simplemente muévete aquí y entonces podrás escuchar a los niños."
"One hour ago, your sibling dug up that fruit.","Hace una hora, tu hermano desenterró esa fruta."
"I always call my friend at the last hour of the day.","Siempre llamo a mi amigo a última hora del día."
"When do you think you will get home this time?","¿Cuándo crees que llegarás a casa esta vez?"
"Who wants to wander around at night when it's so dark?","¿Quién quiere pasear por la noche cuando está tan oscuro?"
"Soon I will be the last child of my family who is at home.","Pronto seré el último hijo de mi familia que esté en casa."
"It is the middle of the day, so you should stay behind.","Es mediodía, así que debes quedarte."
"I would give her it, but she might not think it is a good rock.","Se lo daría, pero puede que no piense que es una buena roca."
"She was so far away that we had to call for her three times.","Estaba tan lejos que tuvimos que llamarla tres veces."
"Why did you look behind you like that?","¿Por qué miraste así hacia atrás deesa manera?"
"She has such wild energy that it is hard to calm her down.","Tiene una energía tan salvaje que es difícil calmarla."
"Does the color look blue to you, or is it actually white?","¿El color te parece azul o es en realidad blanco?"
"That would not be the first time, but I hope it is the last.","Esa no sería la primera vez, pero espero que sea la última."
"She wanted him to find a rock as small as hers.","Ella quería que él encontrara una piedra tan pequeña como la de ella."
"Maybe if you hadn't found them, they would have moved.","Quizás si no los hubieras encontrado, se habrían movido."
"You must have heard those children climbing!","¡Debes de haber escuchado a esos niños trepando!"
"Don't tell me that you didn't look for a black leaf.","No me digas que no buscaste una hoja negra."
"Who else could have planned for such a day?","¿Quién más podría haber planeado un día así?"
"The first child will be ahead of the second by only a little.","El primer hijo estará un poco por delante del segundo."
"They jumped here and there without ever finding it.","Saltaron de aquí a allá y no lo encontraron nunca."
"Digging was very hard, hence the low energy.","Cavar era muy difícil, por eso la poca energía."
"She would otherwise be an only child.","De lo contrario, sería hija única."
"He would have seen the tree if he had been bigger.","Habría visto el árbol si hubiera sido más grande."
"Maybe the fruit on the ground is good, but probably not.","Quizás la fruta del suelo sea buena, pero probablemente no lo sea."
"I was ahead of you years ago, but not anymore.","Yo estaba por delante de ti hace años, pero ya no."
"I will find one sibling if they will find the other.","Encontraré a un hermano si ellos encuentran al otro."
"I couldn't call you at such a time!","¡No podía llamarte en ese momento!"
"Where did they jump while you were looking at the stars?","¿Dónde saltaron mientras mirabas las estrellas?"
"Don't move the yellow leaves until the year is over.","No muevas las hojas amarillas hasta que termine el año."
"We didn't plan to hear it, but we still did.","No planeamos escucharlo, pero aún así lo hicimos."
"When I look at you, I see a good parent.","Cuando te miro, veo a un buen padre."
"At this time of day, no one else is home.","A esta hora del día, nadie más está en casa."
"They have heard neither the white star nor the red star.","No han escuchado ni la estrella blanca ni a la estrella roja."
"How many of those leaves are yellow?","¿Cuántas de esas hojas son amarillas?"
"By this time tomorrow, she will have climbed three trees.","Mañana a esta hora, ella habrá trepado a tres árboles."
"She is closer than him to the wild fruit, but he can't see that.","Ella está más cerca que él de la fruta silvestre, pero él no puede ver eso."
"What was she planning to tell you last night?","¿Qué estaba planeando decirte anoche?"
"I wouldn't climb that tree if I were you.","No me subiría a ese árbol si fuera tú."
"He found it easy to jump over the leaves.","Le resultó fácil saltar por encima de las hojas."
"At what time do they plan on moving those rocks?","¿A qué hora planean mover esas rocas?"
"I've always wanted to stay in a beach house.","Siempre he querido quedarme en una casa en la playa."
"The desert night was cold and dark.","La noche del desierto era fría y oscura."
"Mike must be working in the field today.","Mike debe estar trabajando en el campo hoy."
"How far is the forest from home?","¿Qué tan lejos está el bosque de casa?"
"The lake was looking beautiful.","El lago se veía hermoso."
"The sea was rough.","El mar estaba embravecido."
"Which plants are not green?","¿Qué plantas no son verdes?"
"There are three small rooms in the house.","En la casa hay tres pequeñas habitaciones."
"It was a sunny morning and by eight o'clock it was already hot.","Era una mañana soleada y a las ocho en punto ya hacía calor."
"The night was calm and fresh.","La noche estaba tranquila y fresca."
"Put on your white dress.",Ponte tu vestido blanco.
"Why did you think I sent you the flower, and that chocolate?","¿Por qué pensaste que te envié la flor y ese chocolate?"
"I can make grass grow!","¡Puedo hacer crecer la hierba!"
"She was close to realizing a lifetime goal.","Estuvo cerca de alcanzar un objetivo de su vida."
"Trees are truly life savers as they help reduce pollution.","Los árboles son verdaderamente salvadores ya que ayudan a reducir la contaminación."
"The climate on the coast is hot, humid, and unhealthy.","El clima en la costa es cálido, húmedo e insalubre."
"Leafs are turning yellow due to dry weather.","Las hojas se están poniendo amarillas debido al clima seco."
"The summer had been very dry and no berries grew.","El verano había sido muy seco y no crecieron bayas."
"The rocks are not too high to climb.","Las rocas no son muy altas como para escalar."
"Fruits are beneficial for health as they provide energy to work.","Las frutas son beneficiosas para la salud, ya que proporcionan energía para trabajar."
"His shoes were covered with mud when he entered the house.","Sus zapatos estaban cubiertos de barro cuando entró a la casa."
"Indoor plants makes the house look attractive and pleasing.","Las plantas de interior hacen que la casa luzca atractiva y agradable."
"How bright a star can be? Have you ever thought about this?","¿Qué tan brillante puede ser una estrella? ¿Alguna vez ha pensado en esto?"
"I wonder how the tree got so tall.","Me pregunto cómo llegó a ser tan alto el árbol."
"They have yet to see the big beautiful white rock.","Todavía tienen que ver la gran y hermosa roca blanca."
"I keep wondering why birds evolved to fly.","Me sigo preguntando por qué las aves evolucionaron para volar."
"I don't know what to pick.","No sé qué elegir."
"I have just about finished picking the berries.","Acabo de terminar de recoger las bayas."
"The climate is hot and very humid.","El clima es cálido y muy húmedo."
"The scenery of the valley is just amazing.","El paisaje del valle es simplemente asombroso."
"The boy was no longer sleepy, but full of energy and excitement.","El niño ya no tenía sueño, sino que estaba lleno de energía y emoción."
"She covered her head as dirt rained over her.","Se cubrió la cabeza mientras la tierra llovía sobre ella."
"It shouldn't be hard to dig in this sand.","No debería ser difícil cavar en esta arena."
"There it was cool and quiet, with a scent of ripe fruit.","Allí estaba fresco y tranquilo, con un aroma a fruta madura."
"Sunny in the morning but mostly cloudy by the evening.","Soleado por la mañana pero mayormente nublado por la tarde."
"He went abroad to study higher.","Se fue al extranjero para estudiar más alto."
"Children were playing in park with a ball.","Los niños jugaban en el parque con una pelota."
"The bird won't let me nearby.","El pájaro no me deja cerca."
"I have eaten a piece of fruit.","He comido una pieza de fruta."
"Everything was budding and blossoming.","Todo estaba brotando y floreciendo."
"I will always be with you.","Siempre estaré contigo."
"The sun had set, and dusk settled over the ocean.","El sol se había puesto y el crepúsculo se posó sobre el océano."
"He is one of the best players.","Es uno de los mejores jugadores."
"Sitting, that is the main thing to consider.","Sentarse, eso es lo principal a considerar."
"The sight, sound, and scent of the ocean helped her relax.","La vista, el sonido y el olor del océano la ayudaron a relajarse."
"There are clouds over the hills.","Hay nubes sobre las colinas."
"The sky is over my head.","El cielo está sobre mi cabeza."
"My house is across the bank.","Mi casa está al otro lado del banco."
"You should expect any weather from scorching hot to cold, wet and windy.","Debe esperar cualquier clima, desde un calor abrasador a frío, húmedo y ventoso."
"I have a pool behind my house.","Tengo una piscina detrás de mi casa."
"I have done this task for your benefit.","He hecho esta tarea para su beneficio."
"We cannot live without water.","No podemos vivir sin agua."
"It's my pleasure to help you.","Es un placer ayudarte."
"Playing is his only job.","Jugar es su único trabajo."
"We need to walk as far as we can tonight.","Tenemos que caminar lo más lejos que podamos esta noche."
"She throws rocks just about every day.","Ella lanza piedras casi todos los días."
"If you have the money use it wisely.","Si tienes el dinero, úsalo sabiamente."
"Someone is at the door.","Alguien esta en la puerta."
"Let's look at how this happened.","Veamos cómo sucedió esto."
"You better listen up.","Será mejor que escuches."
"We are sure of success.","Estamos seguros del éxito."
"He is quite punctual in following routines.","Es bastante puntual en el seguimiento de las rutinas."
"I got your flowers but I forgot what they were for.","Recibí tus flores, pero olvidé para qué eran."
"He has been loving that one tree's fruit.","Le ha encantado el fruto de ese árbol."
"This activity should not be attempted in windy conditions.","Esta actividad no debe intentarse en condiciones de viento."
"The research I found on the topic was limited.","La investigación que encontré sobre el tema fue limitada."
"Where does all the rain water go?","¿A dónde va toda el agua de lluvia?"
"Nature was at her peak, blending the wild blooms with various shades of green.","La naturaleza estaba en su apogeo, mezclando las flores silvestres con varios tonos de verde."
"Water was dripping from the trees, and the grass was wet.","El agua goteaba de los árboles y la hierba estaba mojada."
"I hear that her mother is in another city.","Escuché que su madre está en otra ciudad."
"If he is available, ask him to call me.","Si está disponible, pídale que me llame."
"It is not a bad situation, don't worry.","No es una mala situación, no te preocupes."
"My teacher is very kind.","Mi maestra es muy amable."
"I went shopping in order to buy a new jeans.","Fui de compras para comprar unos jeans nuevos."
"She would take the animals out before he got home tonight.","Ella sacaría a los animales antes de que él llegara a casa esta noche."
"My dad never works on the weekends.","Mi papá nunca trabaja los fines de semana."
"She writes an e-mail to her best friend.","Ella escribe un correo electrónico a su mejor amiga."
"The sun rises at the east.","El sol sale por el este."
"George brushes his teeth twice a day.","George se cepilla los dientes dos veces al día."
"When does the train usually leave?","¿Cuándo suele salir el tren?"
"My cat runs very fast.","Mi gato corre muy rápido."
"He catches the train every morning.","Toma el tren todas las mañanas."
"He loves to play basketball.","Le encanta jugar baloncesto."
"Does he go to river too?","¿Él también va al río?"
"You'd better go in and get out of those wet clothes.","Será mejor que entres y te quites esa ropa mojada."
"It usually rains every day here.","Por lo general, aquí llueve todos los días."
"It smells very delicious in the kitchen.","Huele muy rico en la cocina."
"They haven't been able to solve the problem yet.","Todavía no han podido resolver el problema."
"It's about time you spent some money on yourself.","Ya es hora de que gastes algo de dinero en ti mismo."
"You've always taken care of us.","Siempre nos has cuidado."
"There was always plenty of food.","Siempre había mucha comida."
"Be always brave and truthful, said his father.","Sé siempre valiente y veraz, dijo su padre."
"Tell them to bring me a leaf.",Diles que me traigan una hoja.
"Why don't you sit down and rest and I'll bring you a piece of fruit.","¿Por qué no te sientas y descansas y te traigo una pieza de fruta?"
"We'll meet soon, brother.","Nos veremos pronto, hermano."
"Berries are quite delicious.","Las bayas son bastante deliciosas."
"I have to find my lost key.","Tengo que encontrar mi llave perdida."
"He put down the book and looked at the rock beneath him.","Dejó el libro y miró la roca debajo de él."
"I'm glad you like it.","Me alegro de que te guste."
"We have some fruit waiting for us inside.","Tenemos algo de fruta esperándonos adentro."
"She promised she would reserve a room for me.","Me prometió que me reservaría una habitación."
"Even the tiny flower petals looked vibrant.","Incluso los diminutos pétalos de las flores se veían vibrantes."
"Could you come by for dinner tonight?","¿Podrías venir a cenar esta noche?"
"She shivered in the chilly ocean breeze.","Se estremeció con la fría brisa del océano."
"I must have the land checked out.","Debo hacer que revisen la tierra."
"They can be divided into three groups.","Se pueden dividir en tres grupos."
"We may have good reason to be proud of ourselves.","Puede que tengamos buenas razones para estar orgullosos de nosotros mismos."
"It is necessary that he should be sent there at once.","Es necesario que lo envíen allí de inmediato."
"I won't believe it unless I see it with my own eyes.","No lo creeré a menos que lo vea con mis propios ojos."
"I wish I had met my uncle yesterday.","Ojalá hubiera conocido a mi tío ayer."
"I won't phone my friend until they have arrived.","No llamaré a mi amigo hasta que haya llegado."
"She enjoys cooking food on her own.","A ella le gusta cocinar sola."
"It felt so good to be home.","Se sintió tan bien estar en casa."
"Everything was in good order except the boots.","Todo estaba en buen estado excepto las botas."
"If you go there, you will find him.","Si vas allí, lo encontrarás."
"A little girl said she heard about the cold breeze from around the way.","Una niña dijo que se enteró de la brisa fría que venía del camino."
"Today, I see some ripe fruit on that tree.","Hoy, veo un poco de fruta madura en ese árbol."
"They usually spent the morning hours in the forest.","Por lo general, pasaban las horas de la mañana en el bosque."
"Who is your best friend?","¿Quién es tu mejor amigo?"
"She ate her fruit, took a walk, and then went back to sleep.","Ella comió su fruta, dio un paseo y luego se volvió a dormir."
"He loves to read, and he also loves to hike.","Le encanta leer y también le encanta caminar."
"What is the true meaning of the poem?","¿Cuál es el verdadero significado del poema?"
"You are showing both sides of an argument.","Estás mostrando ambos lados de una discusión."
"You are describing a sequence of events.","Estás describiendo una secuencia de eventos."
"I do not know a way to get to the moon.","No conozco la forma de llegar a la luna."
"The warm sun shined on the trees and drew out all their fragrance.","El cálido sol brillaba sobre los árboles y exhalaba toda su fragancia."
"I enjoyed the stone that you brought for me.","Disfruté de la piedra que me trajiste."
"The girl ran into the forest.","La niña corrió hacia el bosque."
"He walked down the path.","Caminó por el camino."
"She laughed at the rabbit's activities.","Ella se rió de las actividades del conejo."
"Uncover the hole carefully.","Destape el agujero con cuidado."
"I love the ocean because fish are so interesting to watch.","Me encanta el océano porque los peces son muy interesantes de ver."
"I drink juice every morning.","Bebo jugo todas las mañanas."
"There's one piece left like yesterday.","Queda una pieza como ayer."
"We waited for the train, but the train was late.","Esperamos el tren, pero el tren llegó tarde."
"The weather was wonderful with its bright sunshine.","El clima era maravilloso con su brillante sol."
"Many trees lost their leaves last winter.","Muchos árboles perdieron sus hojas el invierno pasado."
"The blue sky was cloudless.","El cielo azul estaba despejado."
"We walked through to the other side.","Caminamos hasta el otro lado."
"Does it snow when it is sunny?","¿Nieva cuando hace sol?"
"Winter is over and spring has come.","El invierno ha terminado y ha llegado la primavera."
"The sky is full of stars.","El cielo está lleno de estrellas."
"Where do you want to go on a hike this weekend?","¿A dónde quieres ir de excursión este fin de semana?"
"The moon goes around the earth.","La luna da la vuelta a la tierra."
"It was raining yesterday.","Estaba lloviendo ayer."
"The clouds are getting darker.","Las nubes se están volviendo más oscuras."
"I saw a child standing near the waterfall.","Vi a un niño parado cerca de la cascada."
"That one near the lake is chipping the rock.","El que está cerca del lago está picando la roca."
"She buried her feet in the sand to keep them warm.","Enterró sus pies en la arena para mantenerlos calientes."
"We have lovely trees around here.","Tenemos hermosos árboles por aquí."
"There was no tree for shade in the forest, they all let the light through.","No había árbol para dar sombra en el bosque, todos dejaban pasar la luz."
"The land is covered with green grass.","La tierra está cubierta de hierba verde."
"Do these bugs fly?","¿Vuelan estos bichos?"
"He dropped the leaf into the fire.","Tiró la hoja al fuego."
"The birds drink from the still pool of water.","Los pájaros beben del estanque de agua quieta."
"They jump into the river.","Saltan al río."
"Birds are making their houses in the tree.","Los pájaros están construyendo sus casas en el árbol."
"Be careful of that broken branch.","Ten cuidado con esa rama rota."
"My friend works in the field.","Mi amigo trabaja en el campo."
"We are riding into the forest today.","Estamos cabalgando hacia el bosque hoy."
"She ran harder up the hill.","Corrió más fuerte colina arriba."
"This area has an abundant rainfall, dense forests, and fertile soil.","Esta zona tiene abundantes lluvias, densos bosques y suelo fértil."
"The first tree was near the lake.","El primer árbol estaba cerca del lago."
"There is beautiful land lying on both sides of the wonderful river.","Hay una hermosa tierra a ambos lados del maravilloso río."
"What is the highest mountain?","¿Cuál es la montaña más alta?"
"The countryside is made with beautiful hills.","El campo está hecho con hermosas colinas."
"They will go up to the snowy region.","Subirán a la región nevada."
"The rock was heavy and sharp.","La roca era pesada y afilada."
"You threw the rock over the river?","¿Tiraste la piedra al río?"
"Even in the dense underbrush, it had found another rock.","Incluso en la densa maleza, había encontrado otra roca."
"The summer is the best time to prune raspberry bushes.","El verano es la mejor época para podar frambuesas."
"You are staying the whole evening, I hope?","¿Te quedarás toda la noche, espero?"
"I study about the earth, and the animals.","Estudio sobre la tierra y los animales."
"It isn't cold out there, is it?","No hace frío ahí fuera, ¿verdad?"
"She ran and ran and ran, until the night came to a close.","Ella corrió y corrió y corrió, hasta que la noche llegó a su fin."
"When she woke again, the sun was shining on her face.","Cuando se despertó de nuevo, el sol le brillaba en la cara."
"Will you give me a cup of tea?","¿Me das una taza de té?"
"Will you try it and see if it makes a difference if wouldn't mind?","¿Lo intentarás y verás si hace una diferencia si no te importaría?"
"Would you like to go on an outdoor adventure?","¿Te gustaría ir a una aventura al aire libre?"
"He watched as the wolf disappeared into the tall grass.","Vio como el lobo desaparecía entre la hierba alta."
"I know you must be tired, so I will let you rest.","Sé que debes estar cansado, así que te dejaré descansar."
"The dry weather was perfect for building.","El clima seco fue perfecto para la construcción."
"Those few pieces of fat pine were a great treasure.","Esos pocos trozos de pino gordo eran un gran tesoro."
"The table and chairs were made of a dark rich wood.","La mesa y las sillas estaban hechas de una rica madera oscura."
"She breathed in the ocean air.","Ella respiró el aire del océano."
"We bought a lily and set it in a sunny window.","Compramos un lirio y lo pusimos en una ventana soleada."
"We can't keep falling forever, you know.","No podemos seguir cayendo para siempre, sabes."
"After two years' growth the bushes should be quite tall.","Después de dos años de crecimiento, los arbustos deberían ser bastante altos."
"She glanced around the lush hills.","Ella miró alrededor de las exuberantes colinas."
"All of the islands have beautiful beaches and lush scenery.","Todas las islas tienen hermosas playas y paisajes exuberantes."
"The place is absolutely crammed with plants, a lush green oasis.","El lugar está absolutamente repleto de plantas, un exuberante oasis verde."
"It is a very vibrant and proud community.","Es una comunidad muy vibrante y orgullosa."
"The dawn brought cool air and dense fog.","El amanecer trajo aire fresco y una densa niebla."
"The air was dry and hot, as if she were in a sauna.","El aire estaba seco y caliente, como si estuviera en una sauna."
"Cherry blossoms are in bloom for a short period.","Las flores de cerezo florecen por un período corto."
"Scorpions are numerous in the arid regions.","Los escorpiones son numerosos en las regiones áridas."
"The day was sunny and mild, a perfect day for riding.","El día fue soleado y templado, un día perfecto para montar."
"The majestic river dashes its way towards the valley.","El majestuoso río corre hacia el valle."
"The blossom is fragrant.","La flor es fragante."
"The apple trees are looking beautiful.","Los manzanos se ven hermosos."
"The birds are chirping in the trees.","Los pájaros cantan en los árboles."
"The cool breeze is chilling my spine.","La brisa fresca me está enfriando la columna vertebral."
"The tides are rushing towards the land.","Las mareas se precipitan hacia la tierra."
"A calm river is flowing from the mountains.","Un río tranquilo fluye de las montañas."
"The pond has many flowers.","El estanque tiene muchas flores."
"Birds are flying around fearlessly.","Los pájaros vuelan sin miedo."
"The frogs are trilling in the pond.","Las ranas están trinando en el estanque."
"The tree has long branches.","El árbol tiene ramas largas."
"Fresh fruit, please.","Fruta fresca, por favor."
"The sky is so amazingly beautiful today.","El cielo es increíblemente hermoso hoy."
"Deer are grazing in the fields.","Los ciervos están pastando en los campos."
"The wolf is chasing the deer.","El lobo está persiguiendo al ciervo."
"This river contains many species of fish.","Este río contiene muchas especies de peces."
"A pack of wolves is howling in the forest.","Una manada de lobos está aullando en el bosque."
"The clouds caused a sudden blizzard.","Las nubes provocaron una ventisca repentina."
"Let us fly a kite in the bright sunshine.","Vamos a volar una cometa bajo el sol brillante."
"The bugs are making weird noises.","Los insectos están haciendo ruidos extraños."
"The mighty river is flowing along the slopes of the mountains.","El caudaloso río fluye a lo largo de las laderas de las montañas."
"We are approaching a valley.","Nos acercamos a un valle."
"The great wind hit the valley.","El gran viento golpeó el valle."
"Look at the colorful butterflies!","¡Mira las coloridas mariposas!"
"The birds are cool looking.","Los pájaros son geniales."
"The rabbits are hopping joyously.","Los conejos están saltando alegremente."
"The talkative bird is curious.","El pájaro hablador es curioso."
"The coyote is witty.","El coyote es ingenioso."
"The mice are squeaking happily.","Los ratones chillan alegremente."
"Snow is dripping from the leaves.","La nieve está goteando de las hojas."
"Birds are drinking water from the unusually still river.","Los pájaros beben agua del río inusualmente tranquilo."
"Rabbits hop merrily.","Los conejos saltan alegremente."
"This particular rabbit was pretty quick at finding some food.","Este conejo en particular fue bastante rápido en encontrar algo de comida."
"The bird builds its nest quickly from twigs.","El pájaro construye su nido rápidamente a partir de ramitas."
"The fluffy bear fishes in the stream.","El oso peludo pesca en el arroyo."
"The bear snores peacefully.","El oso ronca pacíficamente."
"The unstable rock rolls down the mountains.","La roca inestable rueda por las montañas."
"The flowers blossom blissfully.","Las flores florecen felizmente."
"The lush green forest has a lot of animals in it.","El bosque verde y exuberante tiene muchos animales."
"Do you want to talk while we're playing?","¿Quieres hablar mientras jugamos?"
"Fruit is currently being harvested as we eat.","Actualmente, la fruta se cosecha a medida que comemos."
"Fresh berries are scattered across the land.","Las bayas frescas están esparcidas por la tierra."
"The moths flock to the light like crazy.","Las polillas acuden a la luz como locas."
"Wavy branches make fill the day with joy.","Ramas onduladas hacen llenar el día de alegría."
"The ducks quack happily.","Los patos graznan alegremente."
"The birds are at rest.","Los pájaros están en reposo."
"Reptiles lay under the canopy of the forest.","Los reptiles yacen bajo el dosel del bosque."
"Butterflies sit on the shrubs.","Las mariposas se posan en los arbustos."
"The rabbit is lying on his back playfully.","El conejo está acostado de espaldas juguetonamente."
"I hope the birds would sing while we play in the grass.","Espero que los pájaros canten mientras jugamos en el césped."
"No, I don't see why that should be.","No, no veo por qué debería ser así."
"First we wait, then we move.","Primero esperamos, luego nos movemos."
"I've never tried that, should be interesting!","Nunca lo he intentado, ¡debería ser interesante!"
"If we could, we should, why wouldn't we?","Si pudiéramos, deberíamos, ¿por qué no lo haríamos?"
"She speaks as if everyone was asleep.","Habla como si todos estuvieran dormidos."
"No wonder the birds sing, they sound great!","¡No es de extrañar que los pájaros canten, suenan muy bien!"
"What is your favorite thing to do?","¿Cual es tu cosa favorita para hacer?"
"The moon shines too, just not as much.","La luna también brilla, pero no tanto."
"If only we could jump and reach the skies.","Si tan solo pudiéramos saltar y alcanzar los cielos."
"Let's get there by running.","Vamos a llegar corriendo."
"We are going to explore the forest tomorrow.","Vamos a explorar el bosque mañana."
"We are from the beach.","Somos de la playa."
"Here, let me get that for you.","Aquí, déjame traerte eso."
"I want to be tall when I grow up.","Quiero ser alto cuando sea grande."
"A gentle breeze is clearing away all the leaves.","Una suave brisa está limpiando todas las hojas."
"Take these rocks, they are yours.","Toma estas rocas, son tuyas."
"Remind your brother to take you out when he wakes up.","Recuérdale a tu hermano que te lleve cuando se despierte."
"It is time to relax and enjoy.","Es hora de relajarse y disfrutar."
"The snow is very welcoming.","La nieve es muy acogedora."
"I need a light sleep in the afternoon.","Necesito un sueño ligero por la tarde."
"We are planning a trip to the forest.","Estamos planeando un viaje al bosque."
"The fruit we are having today is from the forest.","La fruta que estamos teniendo hoy es del bosque."
"They are coming over to play.","Vienen a jugar."
"Think of any number from one to ten.","Piense en cualquier número del uno al diez."
"It's time to go home.","Es hora de irse a casa."
"Imagine the purple leaves.","Imagina las hojas de color púrpura."
"Get some ice cubes for the juice.","Consigue unos cubitos de hielo para el jugo."
"Get me two stones: one brown, the other white.","Consígueme dos piedras: una marrón y la otra blanca."
"I will be swimming with the fish.","Estaré nadando con los peces."
"Watch closely!","¡Observe atentamente!"
"Let's go find some fruit.","Vamos a buscar algo de fruta."
"Can we climb that tree?","¿Podemos trepar a ese árbol?"
"Yesterday was fun because we found that big rock.","Ayer fue divertido porque encontramos esa gran roca."
"Let us finish this before the sun sets.",Terminemos con esto antes de que se ponga el sol.
"I love having fruit in the afternoon.","Me encanta comer fruta por la tarde."
"When can you come out to play?","¿Cuándo puedes salir a jugar?"
"I am always at home at weekends.","Siempre estoy en casa los fines de semana."
"You can be the best at anything you can imagine.","Puedes ser el mejor en cualquier cosa que puedas imaginar."
"It gets dark when the lights turn off.","Se hace de noche cuando se apagan las luces."
"Our dad gives us fruit every day.","Nuestro papá nos da fruta todos los días."
"Animals sleep all the time.","Los animales duermen todo el tiempo."
"We all love playing games.","A todos nos encanta jugar."
"We crossed the river with our bare feet.","Cruzamos el río descalzos."
"Place the fruit peel into the pile.","Coloque la cáscara de la fruta en la pila."
"My feet got wet from the rain.","Mis pies se mojaron por la lluvia."
"I found two branches had fallen from the tree.","Encontré que dos ramas se habían caído del árbol."
"The wolf howled all night.","El lobo aulló toda la noche."
"Let's give them another chance.","Démosles otra oportunidad."
"Keep sight of where you are going.","No pierdas de vista el lugar al que vas."
"I don't take sugar in my tea, thanks.","No tomo azúcar en mi té, gracias."
"Feel free to visit me anytime.","No dudes en visitarme en cualquier momento."
"Her voice sounded so happy.","Su voz sonaba tan feliz."
"We are going to clean everything up.","Vamos a limpiar todo."
"Let's meet at our tree house when the sun rises.","Encontrémonos en nuestra casa del árbol cuando salga el sol."
"Can you make tea for us?","¿Puedes hacernos té?"
"I must follow my dream where ever it takes me.","Debo seguir mi sueño donde quiera que me lleve."
"We thanked our teacher for all her hard work.","Agradecimos a nuestra maestra por todo su arduo trabajo."
"Let's get started right away.","Empecemos de inmediato."
"Let everyone have what they want.","Que todos tengan lo que quieran."
"The leaves are scattered all over the forest floor.","Las hojas están esparcidas por todo el suelo del bosque."
"The fruits are all small and green.","Los frutos son todos pequeños y verdes."
"Would you please pour me a glass of the juice you made.","¿Podrías servirme un vaso del jugo que hiciste?"
"The rabbits are enjoying their meal.","Los conejos están disfrutando de su comida."
"Keep the windows slightly open.","Mantenga las ventanas ligeramente abiertas."
"Who let the animals out?","¿Quién dejó salir a los animales?"
"Try to remember what happened.","Trate de recordar lo que pasó."
"I came here for you.","Vine aquí por ti."
"We both took a piece of fruit.","Ambos tomamos una pieza de fruta."
"We all sat watching the sun rise.","Todos nos sentamos a ver salir el sol."
"She is a very polite young girl.","Es una joven muy educada."
"Bring everything to me.",Tráeme todo.
"The birds chirped as they were fed.","Los pájaros piaban mientras los alimentaban."
"I have a variety of different collections.","Tengo una variedad de colecciones diferentes."
"Take care of your siblings.","Cuida a tus hermanos."
"We counted twelve branches in total.","Contamos doce sucursales en total."
"Winter is coming.","Viene el invierno."
"They love the snow so much.","Aman tanto la nieve."
"I brought some rocks with me.","Traje algunas piedras conmigo."
"Every life is sacred.","Toda vida es sagrada."
"I can't run that fast.","No puedo correr tan rápido."
"The sun is shining quite brightly today.","El sol brilla bastante hoy."
"These berries are very fresh.","Estas bayas son muy frescas."
"The sky is clear today.","El cielo está despejado hoy."
"There are many species of plants in the forest.","Hay muchas especies de plantas en el bosque."
"You can see dew on leaves early in the morning.","Se puede ver el rocío en las hojas temprano en la mañana."
"The land is filled with flowers.","La tierra está llena de flores."
"Look, there is a deer in the woods.","Mira, hay un ciervo en el bosque."
"What kind of bird is this?","¿Qué tipo de pájaro es este?"
"The mountain is very steep, so be careful while climbing it.","La montaña es muy empinada, así que ten cuidado al subirla."
"Let's drink fresh water from the lake.",Bebamos agua fresca del lago.
"The pond is filled with fish of all kinds.","El estanque está lleno de peces de todo tipo."
"Flowers are in full bloom at this time of the year.","Las flores están en plena floración en esta época del año."
"The weather gets beautiful in spring.","El clima se pone hermoso en primavera."
"Full moon occurs roughly once a month, except on a blue moon.","La luna llena ocurre aproximadamente una vez al mes, excepto en una luna azul."
"The sky is filled with stars tonight.","El cielo está lleno de estrellas esta noche."
"I think I love all of the flowers around here.","Creo que me encantan todas las flores de aquí."
"I like to eat.","Me gusta comer."
"It's a beautiful view from the top of this mountain.","Es una hermosa vista desde la cima de esta montaña."
"You should sing more often, you have such a beautiful voice.","Deberías cantar más a menudo, tienes una voz tan hermosa."
"We should dance together to this song.","Deberíamos bailar juntos con esta canción."
"The flower was usually found in the back of the forest.","La flor se encontraba generalmente en el fondo del bosque."
"The wind blew the leaves lying on the ground.","El viento sopló las hojas que yacían en el suelo."
"What are you bringing to eat on this adventure?","¿Qué traes para comer en esta aventura?"
"The bird drank water from the lake.","El pájaro bebió agua del lago."
"Is it possible to swim with fishes in the sea?","¿Es posible nadar con peces en el mar?"
"Stars sparkle at night.","Las estrellas brillan por la noche."
"She has deep blue eyes.","Tiene ojos de un azul profundo."
"Heavy mist covered the magical place from being seen.","Una densa niebla cubrió el lugar mágico para que no se viera."
"It will rain today.","Lloverá hoy."
"Wild animals live out here.","Los animales salvajes viven aquí."
"Summer days are long and hot.","Los días de verano son largos y calurosos."
"The bee uses its beautiful wings to fly.","La abeja usa sus hermosas alas para volar."
"Light from the star twinkles at night.","La luz de la estrella centellea por la noche."
"The sky is covered with heavy clouds today.","El cielo está cubierto de densas nubes hoy."
"The bear living in the forest likes to eat everything.","Al oso que vive en el bosque le gusta comer de todo."
"The rock is extremely heavy.","La roca es extremadamente pesada."
"Waves can be seen from the beach.","Las olas se pueden ver desde la playa."
"Do you like reading the tree rings?","¿Te gusta leer los anillos de los árboles?"
"The duck swims in the pond.","El pato nada en el estanque."
"He plays the flute very well.","Toca muy bien la flauta."
"She lives in a big beautiful house.","Vive en una casa grande y hermosa."
"Red berries are the ripe ones.","Los frutos rojos son los maduros."
"The green grass covered the lawn.","La hierba verde cubría el césped."
"The sky is clear and blue in summer.","El cielo es claro y azul en verano."
"These berries are freshly picked from the tree.","Estas bayas están recién recogidas del árbol."
"The forest floor hides many little animals.","El suelo del bosque esconde muchos animales pequeños."
"Birds have the ability to fly.","Los pájaros tienen la capacidad de volar."
"This mountain will lead you to view number two.","Esta montaña te llevará a la vista número dos."
"Wolves have a strong sense of smell.","Los lobos tienen un fuerte sentido del olfato."
"All the trees are covered in snow in winter.","Todos los árboles están cubiertos de nieve en invierno."
"How many members are there in your family?","¿Cuántos miembros hay en tu familia?"
"Children like to build stuff when they are on the beach.","A los niños les gusta construir cosas cuando están en la playa."
"He stayed in the cool and dark cave to avoid getting wet in the rain.","Se quedó en la cueva fresca y oscura para evitar mojarse con la lluvia."
"Let's play hide and seek, it will be fun.","Juguemos al escondite, será divertido."
"What are you making tonight?","¿Qué vas a hacer esta noche?"
"I love my family.","Amo a mi familia."
"The food from the forest was delicious.","La comida del bosque estaba deliciosa."
"How often does a bird flap its wings?","¿Con qué frecuencia un pájaro bate sus alas?"
"It is very important to stay warm in winter.","Es muy importante mantenerse caliente en invierno."
"My best friend gave me a piece of fresh fruit.","Mi mejor amigo me dio una pieza de fruta fresca."
"Flowers blossom on the tree every spring.","Las flores florecen en el árbol cada primavera."
"I often dream about magical creatures at night.","A menudo sueño con criaturas mágicas por la noche."
"The land was filled with short bushes.","La tierra se llenó de arbustos cortos."
"Sweet juice is a very refreshing treat on a hot day.","El jugo dulce es una delicia muy refrescante en un día caluroso."
"The gold glimmered in the dark.","El oro brillaba en la oscuridad."
"Water bubbles when it boils.","El agua burbujea cuando hierve."
"People of this town are very nice and helpful.","La gente de esta ciudad es muy amable y servicial."
"Animals have a very special place in my heart.","Los animales tienen un lugar muy especial en mi corazón."
"Fully ripened berries are sweet and delicious.","Las bayas completamente maduras son dulces y deliciosas."
"The bird has a nest on the branch of this tree.","El pájaro tiene un nido en la rama de este árbol."
"This short path will get you to the hill in no time.","Este camino corto te llevará a la colina en poco tiempo."
"Are you free this afternoon?","¿Estás libre esta tarde?"
"Insects often live in humid climates.","Los insectos a menudo viven en climas húmedos."
"You should come the tall tree and meet me sometimes.","Deberías venir al árbol alto y reunirte conmigo de vez en cuando."
"This is a very special plant.","Esta es una planta muy especial."
"The flowers dance in the shiny weather.","Las flores bailan en el clima brillante."
"Sky in is a seemingly never-ending vastness.","Sky in es una inmensidad aparentemente interminable."
"The ever so bright sun is glimmering in the open blue sea.","El sol siempre tan brillante brilla en el mar azul abierto."
"The sun is starting to set.","El sol está empezando a ponerse."
"As the day is at its brink and the night is about to break.","Como el día está a punto de terminar y la noche está a punto de despuntar."
"The leaves of the tree.","Las hojas del árbol."
"The bright sunshine warms the rabbit as it begins to sleep.","El sol brillante calienta al conejo cuando comienza a dormir."
"The river clashes with the rocks fiercefully.","El río choca ferozmente con las rocas."
"The cool breeze makes the bird dance in the wind.","La brisa fresca hace bailar al pájaro en el viento."
"The raindrops look like silver gems scattering across the land.","Las gotas de lluvia parecen gemas de plata esparcidas por la tierra."
"The wolf wags his tail as he gets patted.","El lobo menea la cola mientras le dan palmaditas."
"The land is filled with cool looking flowers.","La tierra está llena de flores de aspecto fresco."
"The squirrels relax as the warm sunlight approaches.","Las ardillas se relajan cuando se acerca la cálida luz del sol."
"It is a field of aromatic flowers.","Es un campo de flores aromáticas."
"The fish playfully travel the tides of the ocean.","Los peces viajan juguetonamente por las mareas del océano."
"The deer grazes as the sun dawns.","El ciervo pasta al amanecer."
"The dry autumn leaves crunch as I walk through.","Las hojas secas de otoño crujen mientras camino."
"The wolf relaxes as the day dusks.","El lobo se relaja al anochecer."
"The herd of elk sleeps as the day ends in the tranquil countryside.","La manada de alces duerme mientras termina el día en el tranquilo campo."
"He is as calm as the fields of the countryside.","Está tan tranquilo como los campos del campo."
"The bees buzz in the scorching summer heat.","Las abejas zumban en el abrasador calor del verano."
"The juicy berries grow in the bushes.","Las bayas jugosas crecen en los arbustos."
"The bird flaps her wings as the sudden breeze touches her.","El pájaro bate sus alas cuando la brisa repentina la toca."
"The birds take shed in the trees as the hot sunlight approaches them.","Los pájaros se posan en los árboles cuando la luz del sol se acerca."
"The bird moves rhythmically as the drops of rain pats her.","El pájaro se mueve rítmicamente mientras las gotas de lluvia la acarician."
"The school of fish swims around as the tides rise.","El banco de peces nada a medida que sube la marea."
"The ducks dance in the sweet spring.","Los patos bailan en la dulce primavera."
"The rainbow reveals itself as the rain stops.","El arco iris se revela cuando la lluvia se detiene."
"The owl stares at the moon in the lonely night sky.","El búho mira fijamente a la luna en el cielo nocturno solitario."
"The rocks act as a pillow to the lazy grizzly bears.","Las rocas actúan como una almohada para los perezosos osos pardos."
"The wind takes away the seeds from the trees.","El viento les quita las semillas a los árboles."
"The rabbit eats the food peacefully.","El conejo come la comida tranquilamente."
"Snow chills the animals as winter approaches.","La nieve enfría a los animales a medida que se acerca el invierno."
"Reptiles crawl in the wet forest floor.","Los reptiles se arrastran por el suelo húmedo del bosque."
"The bird weaves its nest as the spring approaches.","El pájaro teje su nido cuando se acerca la primavera."
"The wolves howl in the moonlight.","Los lobos aúllan a la luz de la luna."
"The eagle rises above the clouds as it rains.","El águila se eleva por encima de las nubes cuando llueve."
"Are you able to come aboard at this moment?","¿Puedes subir a bordo en este momento?"
"We made plans about how to best see the stars.","Hicimos planes sobre cómo ver mejor las estrellas."
"He didn't know I was watching from above.","No sabía que estaba mirando desde arriba."
"How can you get across this river so quickly?","¿Cómo puedes cruzar este río tan rápido?"
"I couldn't see after the dirt got in my eyes.","No pude ver después de que la suciedad se me metió en los ojos."
"She pushed against the tree with all her strength.","Empujó contra el árbol con todas sus fuerzas."
"Would you have brought me along otherwise?","¿Me habrías traído de otra manera?"
"Will you be among those in the forest?","¿Estarás entre los del bosque?"
"I don't want to be around when she arrives.","No quiero estar cerca cuando ella llegue."
"He doesn't move as quickly as she does.","Él no se mueve tan rápido como ella."
"We could have traveled at a slower pace.","Podríamos haber viajado a un ritmo más lento."
"What you see before you is a huge animal.","Lo que ves ante ti es un animal enorme."
"Why won't you get behind her?","¿Por qué no te colocas detrás de ella?"
"She wanted me to go down below.","Ella quería que yo fuera abajo."
"Beneath the tree, an animal just woke up.","Debajo del árbol, un animal acaba de despertarse."
"She had been beside him for the entire journey.","Ella había estado a su lado durante todo el viaje."
"I'll decide between staying here and going home.","Decidiré entre quedarme aquí o irme a casa."
"He refuses to help anyone beyond his own family.","Se niega a ayudar a nadie más que a su propia familia."
"I would swim, but it is too early in the day.","Yo nadaría, pero es demasiado temprano en el día."
"You might be able to find her by the river.","Quizás puedas encontrarla junto al río."
"Despite the weather, I will get there on time.","A pesar del clima, llegaré a tiempo."
"If you keep jumping up and down, she will leave.","Si sigues saltando arriba y abajo, ella se irá."
"It's difficult to swim at such a wild storm.","Es difícil nadar en una tormenta tan salvaje."
"Don't say anything except that you love him.","No digas nada excepto que lo amas."
"She would have made food for you if you'd asked.","Ella te habría preparado comida si lo hubieras pedido."
"They walked from the forest to the river.","Caminaron desde el bosque hasta el río."
"He's worried that we've been in the forest for too long.","Le preocupa que hayamos estado en el bosque demasiado tiempo."
"Can you believe that a rock is inside this fruit?","¿Puedes creer que hay una piedra dentro de esta fruta?"
"If she turns him into an animal, I will save him.","Si ella lo convierte en un animal, lo salvaré."
"It was like the entire forest had suddenly stopped.","Era como si todo el bosque se hubiera detenido de repente."
"She had been near death several times","Había estado al borde de la muerte varias veces"
"He doesn't want us to be next to him again.","No quiere que volvamos a estar a su lado."
"Several friends have forgotten how to swim.","Varios amigos se han olvidado de nadar."
"I strayed off the path despite his orders.","Me desvié del camino a pesar de sus órdenes."
"He found us on his way home from the river.","Nos encontró de camino a casa desde el río."
"I don't know how we got onto this topic.","No sé cómo llegamos a este tema."
"You should get out of the river before sunset.","Deberías salir del río antes del atardecer."
"The animals would have flown over the forest.","Los animales habrían volado sobre el bosque."
"If you can't swim, you shouldn't go past this river.","Si no sabes nadar, no debes pasar por este río."
"As per the king's orders, you must leave this village.","Según las órdenes del rey, debes abandonar este pueblo."
"Plus, we can't stay here if you are also here.","Además, no podemos quedarnos aquí si tú también estás aquí."
"I will talk more regarding this matter.","Hablaré más sobre este asunto."
"Have you seen a large rock 'round here?","¿Has visto una gran roca por aquí?"
"She would climb it save for the fact that she is too short.","Lo escalaría si no fuera por el hecho de que es demasiado baja."
"He has gotten weaker since I last saw him.","Se ha debilitado desde la última vez que lo vi."
"I would rather eat fruit than meat.","Prefiero comer fruta que carne."
"Maybe this time they will get through to her.","Tal vez esta vez lleguen a ella."
"I will keep jumping till they tell me to stop.","Seguiré saltando hasta que me digan que pare."
"Do we want them to give this to us?","¿Queremos que nos den esto?"
"They can either move toward the sea or go home.","Pueden moverse hacia el mar o volver a casa."
"The queen will find a rock under some leaves.","La reina encontrará una piedra debajo de unas hojas."
"He wished he could rest underneath the tree.","Deseaba poder descansar debajo del árbol."
"It is unlike anything I have ever seen.","Es diferente a todo lo que he visto."
"She likes to swim until the sunset.","Le gusta nadar hasta el atardecer."
"What goes up must come down.","Todo lo que sube tiene que bajar."
"She used to love gazing upon the water.","Le encantaba contemplar el agua."
"We argued about the forest versus the river.","Discutimos sobre el bosque versus el río."
"Tomorrow morning, I will have traveled via boat.","Mañana por la mañana habré viajado en barco."
"If I were with him, I would annoy him.","Si estuviera con él, lo molestaría."
"There was a wild animal deep within the cave.","Había un animal salvaje en lo profundo de la cueva."
"I shouldn't have left without eating first.","No debería haberme ido sin comer primero."
"If you had taken another step, I would have laughed. ","Si hubieras dado un paso más, me habría reído."
"Any of the animals could have done this.","Cualquiera de los animales podría haber hecho esto."
"She used to love anyone who gave her food.","Ella amaba a cualquiera que le diera comida."
"Does he think I had anything to do with that?","¿Cree que yo tuve algo que ver con eso?"
"If you could go anywhere, where would you go?","Si pudieras ir a cualquier parte, ¿a dónde irías?"
"Both of us should dance instead of one.","Ambos deberíamos bailar en lugar de uno."
"Please be certain before you run there.","Por favor, asegúrese antes de correr allí."
"Each child should give and receive one gift.","Cada niño debe dar y recibir un regalo."
"I thought she was either one or two years old.","Pensé que tenía uno o dos años."
"This is more than enough for her birthday.","Esto es más que suficiente para su cumpleaños."
"She waited for us every day that we were gone.","Ella nos esperaba todos los días que nos fuimos."
"He will say everyone has water if you ask.","Dirá que todo el mundo tiene agua si lo pides."
"Everything in the forest is green today.","Todo en el bosque es verde hoy."
"Has she been everywhere in the world?","¿Ha estado en todas partes del mundo?"
"There are few people I do not know here.","Hay pocas personas que no conozco aquí."
"This is the last time I will ever climb this tree.","Esta es la última vez que treparé a este árbol."
"She will expect at least five gifts tomorrow.","Ella esperará al menos cinco regalos mañana."
"Why do I have less water than she does?","¿Por qué tengo menos agua que ella?"
"There is little that he cannot do.","Hay poco que él no pueda hacer."
"I have many doubts about your new plan.","Tengo muchas dudas sobre su nuevo plan."
"She climbs trees more than he does. ","Ella trepa a los árboles más que él."
"That is the most pleased I've ever seen you.","Es lo más feliz que te he visto."
"Much of my life has been full of happiness.","Gran parte de mi vida ha estado llena de felicidad."
"Neither person had seen the mountains before.","Ninguna persona había visto las montañas antes."
"We cannot find the tree that is next to the river.","No podemos encontrar el árbol que está al lado del río."
"There are no leaves on the trees this year.","No hay hojas en los árboles este año."
"None of my friends are at home right now.","Ninguno de mis amigos está en casa en este momento."
"Nothing is wrong with eating fruit.","No hay nada de malo en comer fruta."
"The forest is nowhere near the sea!","¡El bosque no está cerca del mar!"
"We had only seen the forest once before.","Solo habíamos visto el bosque una vez antes."
"Hopefully several people show up today.","Ojalá varias personas se presenten hoy."
"It takes some courage to climb such a tall tree.","Se necesita algo de valor para trepar a un árbol tan alto."
"If somebody wants food, we will go to the forest.","Si alguien quiere comida, iremos al bosque."
"Is there something he wanted to say to them?","¿Hay algo que quisiera decirles?"
"They will find a home somewhere around here.","Encontrarán un hogar en algún lugar por aquí."
"That is exactly what I am talking about!","¡Eso es exactamente de lo que estoy hablando!"
"Whatever your favorite color is, mine is as well.","Cualquiera que sea tu color favorito, el mío también lo es."
"She wouldn't remember which tree we visited.","Ella no recordaría qué árbol visitamos."
"I will eat bread or fruit: whichever you prefer.","Comeré pan o fruta: lo que prefieras."
"A river flows through the valley.","Un río fluye a través del valle."
"The setting sun reflecting off the water lights up the area with golden light.","El sol poniente que se refleja en el agua ilumina el área con una luz dorada."
"I sat on the rock and watched the sunset through the window.","Me senté en la roca y vi la puesta de sol a través de la ventana."
"He spent last time on a mountain.","Pasó la última vez en una montaña."
"The moon was appearing behind the clouds at the dark of midnight. ","La luna estaba apareciendo detrás de las nubes en la oscuridad de la medianoche."
"A fresh layer of snow covered the path.","Una nueva capa de nieve cubrió el camino."
"The moon dangles low and large in the dark sky.","La luna cuelga baja y grande en el cielo oscuro."
"The sun rose bright and fair, and the morning was without a cloud.","El sol salió brillante y hermoso, y la mañana estuvo sin nubes."
"At sunset, the sky shaded from pink into dark red.","Al atardecer, el cielo se oscureció de rosa a rojo oscuro."
"Birds are singing in the tree.","Los pájaros cantan en el árbol."
"The bird landed gracefully on the water.","El pájaro aterrizó con gracia en el agua."
"The grass was covered with frost in the early morning.","La hierba estaba cubierta de escarcha a primera hora de la mañana."
"The gentle rain was over, but drops were still falling from the trees.","La lluvia suave había terminado, pero aún caían gotas de los árboles."
"The rainbow formed a beautiful arc in the sky.","El arco iris formó un hermoso arco en el cielo."
"That wide-eyed innocent look reminded him of a newborn baby.","Esa mirada inocente de ojos abiertos le recordó a un bebé recién nacido."
"The leaves were floating gently down the river.","Las hojas flotaban suavemente río abajo."
"She brought a handful of fruit from the forest.","Ella trajo un puñado de frutas del bosque."
"The air around him was cold like it was being iced.","El aire a su alrededor estaba frío como si estuviera helado."
"The bee came to dance on the flower.","La abeja vino a bailar sobre la flor."
"Allow in a cool night breeze.","Deja entrar una fresca brisa nocturna."
"I have many far-off friends whom I never seen.","Tengo muchos amigos lejanos a los que nunca he visto."
"I was glad to go back to the village to see my home and friends once more.","Me alegré de volver al pueblo para ver a mi casa ya mis amigos una vez más."
"He has two younger siblings, a brother and a sister.","Tiene dos hermanos menores, un hermano y una hermana."
"Mom placed a pot of brightly colored flowers on the table.","Mamá colocó una maceta con flores de colores brillantes sobre la mesa."
"She returned to the meadow and sat down on the grass.","Regresó al prado y se sentó en la hierba."
"There was a small interesting rock beside the tree, on which there was a frog.","Había una pequeña roca interesante al lado del árbol, en la que había una rana."
"He used to go out with his friends every night.","Solía salir con sus amigos todas las noches."
"Across the way, warm sun light showed through the dense forest.","Al otro lado del camino, la cálida luz del sol se asomaba a través del denso bosque."
"The way a butterfly flutters from flower to flower is graceful.","La forma en que una mariposa revolotea de flor en flor es elegante."
"The flowers this year which bloomed in the early spring have stayed abundant.","Las flores de este año que florecieron a principios de la primavera se han mantenido abundantes."
"He waded out of the water and laid his socks and shirt on a rock in the sun to dry.","Salió del agua y dejó los calcetines y la camisa sobre una roca al sol para que se secaran."
"Our last halt was under a wild berry push a short distance from the lake.","Nuestra última parada fue bajo un empujón de bayas silvestres a poca distancia del lago."
"She looked up at the glowing clouds, from which snow had begun to fall again.","Ella miró hacia las nubes brillantes, de las cuales la nieve había comenzado a caer de nuevo."
"Fruits of great variety are grown in the valley and foothills.","En el valle y las colinas se cultivan frutos de gran variedad."
"The country has a beautiful sandy beach.","El país tiene una hermosa playa de arena."
"She tossed her head back to stare at the stars.","Echó la cabeza hacia atrás para mirar las estrellas."
"He was living on the hilltop with a flock of two hundred elk.","Vivía en la cima de la colina con una bandada de doscientos alces."
"The little boy was halfway to the lake when mom spoke to him.","El niño estaba a medio camino del lago cuando mamá le habló."
"A single gentle rain makes the grass many shades greener.","Una sola lluvia suave hace que el césped sea mucho más verde."
"There was nothing dangerous about the forest, except snakes and insects.","No había nada peligroso en el bosque, excepto serpientes e insectos."
"Below the falls, a large beautiful rainbow gave color to the rising mist.","Debajo de las cataratas, un gran arco iris hermoso dio color a la niebla que se elevaba."
"Everything is ready for the forest walk.","Todo está listo para la caminata por el bosque."
"He smelled the fragrance of wildflowers while walking on a path that led to the pond.","Olió la fragancia de las flores silvestres mientras caminaba por un sendero que conducía al estanque."
"The desert was basking in an orange sunset when they finally stopped.","El desierto estaba disfrutando de una puesta de sol anaranjada cuando finalmente se detuvieron."
"The birds flew to their nests in the evening.","Los pájaros volaron a sus nidos por la noche."
"Water was dripping from the trees, and the land was wet.","El agua goteaba de los árboles y la tierra estaba húmeda."
"Snow crunched under her feet and quickly soaked her gear.","La nieve crujió bajo sus pies y rápidamente empapó su equipo."
"It was at the beginning of winter.","Fue a principios de invierno."
"Nature was at her peak, blending the wild blooms with various shades of green.","La naturaleza estaba en su apogeo, mezclando las flores silvestres con varios tonos de verde."
"It lies in a hilly well-wooded landscape above the valley of the small river.","Se encuentra en un paisaje montañoso y boscoso sobre el valle del pequeño río."
"The birds saw the little girl who was walking among the trees and flew down to greet her.","Los pájaros vieron a la niña que caminaba entre los árboles y bajaron volando para recibirla."
"She glanced down at the bird's nest in her hand.","Ella miró el nido de pájaro que tenía en la mano."
"She studied the berry-like seeds that grew in a cluster at the top of the bush.","Estudió las semillas parecidas a bayas que crecían en un racimo en la parte superior del arbusto."
"The yard of the super old house was completely covered with plants, rocks, and animals.","El patio de la casa súper vieja estaba completamente cubierto de plantas, rocas y animales."
"There was not a breath of wind to stir the young leaves on the trees.","No había un soplo de viento que moviera las hojas tiernas de los árboles."
"The climate is extremely hot and dry in summer, while the winter temperature is mild and pleasant.","El clima es extremadamente cálido y seco en verano, mientras que la temperatura en invierno es suave y agradable."
"When traveling through the countryside you see many inspiring mountains, streams, valleys, and lakes.","Al viajar por el campo, verá muchas montañas, arroyos, valles y lagos inspiradores."
"It was so close to the sea that those who lived in it could hear the waves forever beating against the shore.","Estaba tan cerca del mar que los que vivían en él podían escuchar las olas batiendo eternamente contra la orilla."
"The island is very picturesque with rolling green hills surrounded by glorious coastal scenery.","La isla es muy pintoresca, con colinas verdes rodeadas de un paisaje costero glorioso."
"The ocean breeze brought that familiar scent back.","La brisa del océano trajo ese aroma familiar."
"The warm sun shined on the tall powerful trees and drew out all their fragrance.","El cálido sol brillaba sobre los árboles altos y poderosos y exhalaba toda su fragancia."
"It was very pleasant out in the shady woods.","Fue muy agradable en el bosque a la sombra."
"They were sitting around the fire and trying to keep each other warm.","Estaban sentados alrededor del fuego y tratando de mantenerse calientes."
"She opened her eyes and blinked at the sunlight streaming through the forest.","Abrió los ojos y parpadeó ante la luz del sol que atravesaba el bosque."
"An old man decides it's time to get a new rock for his collection.","Un anciano decide que es hora de comprar una nueva piedra para su colección."
"One day in spring, three men were riding together along a country road.","Un día de primavera, tres hombres viajaban juntos por un camino rural."
"She walked for half an hour until the rain began to trickle through the tree tops.","Caminó durante media hora hasta que la lluvia comenzó a gotear por las copas de los árboles."
"The soothing sound of water running over stones greeted them as they neared the creek.","El sonido relajante del agua corriendo sobre las piedras les dio la bienvenida cuando se acercaron al arroyo."
"The old creaking tree spread a blanket of shade in the grass beside the pond.","El viejo árbol crujiente extendió un manto de sombra en la hierba junto al estanque."
"I love the beautiful spring because the budding trees and the blossoming flowers are so abundant.","Me encanta la hermosa primavera porque los árboles en ciernes y las flores en flor son muy abundantes."
"Whenever my aunt comes to visit, she brings some good gifts for my family.","Siempre que viene mi tía de visita, trae buenos regalos para mi familia."
"He took his children far away to a green valley.","Se llevó a sus hijos a un valle verde."
"I am pleased because I love the warm sunshine and the fragrant flowers.","Estoy complacido porque amo el cálido sol y las fragantes flores."
"After a while, they were riding around the side of a steep hill through tall grass.","Después de un tiempo, estaban cabalgando por la ladera de una colina empinada a través de la hierba alta."
"Old meadows provide a home for many colorful plants.","Los prados antiguos albergan muchas plantas de colores."
"The warm sun had melted most of the snow from the path.","El cálido sol había derretido la mayor parte de la nieve del camino."
"She glanced back over her shoulder at the huge rock on the hill.","Miró por encima del hombro a la enorme roca de la colina."
"The sun peeked over the desert horizon to the east.","El sol se asomaba por el horizonte del desierto hacia el este."
"Ahead was nothing but a narrow dirt path lined with mature trees and bushes.","Delante no había más que un estrecho camino de tierra bordeado de árboles y arbustos maduros."
"We shall all live together in a small place near one of the lakes beyond the forest.","Viviremos todos juntos en un pequeño lugar cerca de uno de los lagos más allá del bosque."
"I took a scenic ride through the ever infinite land.","Hice un paseo panorámico por la tierra infinita."
"He imagined the way the ocean breeze zipped straight into their tent.","Se imaginó la forma en que la brisa del mar entraba directamente en su tienda."
"In the evening, we would walk in the yard and catch the grasshoppers and butterflies.","Por la noche, paseábamos por el jardín y pescábamos saltamontes y mariposas."
"The sun set too early on that autumn day.","El sol se puso demasiado temprano ese día de otoño."
"The valleys within the hill ranges are fragrant with aromatic shrubs.","Los valles dentro de las sierras están fragantes con arbustos aromáticos."
"He skipped a stone across the pond.","Se tiró una piedra al otro lado del estanque."
"She glanced up at her friend, who was sitting against a tree watching her.","Ella miró a su amiga, que estaba sentada contra un árbol mirándola."
"Have you ever seen a rainbow?","¿Alguna vez has visto un arcoíris?"
"Yesterday, I had a chance to view a rainbow.","Ayer tuve la oportunidad de ver un arcoíris."
"The rainbow was far and high but neither thick nor full.","El arco iris era alto y lejano, pero ni espeso ni completo."
"I will be lucky to see a rainbow again.","Tendré suerte de volver a ver un arcoíris."
"This evening we might see a beautiful double rainbow.","Esta noche podríamos ver un hermoso arco iris doble."
"I heard the animals chewing grass.","Escuché a los animales masticando hierba."
"I looked at the many birds along the path.","Miré los muchos pájaros a lo largo del camino."
"The birds made short, high pitched sounds.","Los pájaros emitían sonidos cortos y agudos."
"I was very tired after the long day deep in the forest.","Estaba muy cansado después del largo día en lo profundo del bosque."
"We did not have enough energy to play games.","No teníamos suficiente energía para jugar."
"Still, we were asked to see how far we could throw these rocks.","Aún así, nos pidieron que viéramos qué tan lejos podíamos lanzar estas rocas."
"He loudly counted one, two, three to start the game.","Contó en voz alta uno, dos, tres para comenzar el juego."
"We could dig some soil and build a mountain.","Podríamos cavar un poco de tierra y construir una montaña."
"We even jumped out because it was not very high.","Incluso saltamos porque no era muy alto."
"I just felt that we must again go to this forest for another fun time.","Simplemente sentí que debemos ir de nuevo a este bosque para disfrutar de otro momento divertido."
"It was too late when we came back home.","Era demasiado tarde cuando regresamos a casa."
"Later in the calm of the night, when you get a chance.","Más tarde, en la calma de la noche, cuando tengas la oportunidad."
"I also saw the moon in the sky.","También vi la luna en el cielo."
"The stars looked very small, yet they did flicker.","Las estrellas parecían muy pequeñas, pero parpadeaban."
"It's pretty hard to see stars on a cloudy day.","Es bastante difícil ver estrellas en un día nublado."
"Where did the stars and the moon go?","¿A dónde se fueron las estrellas y la luna?"
"I went to sleep late at night.","Me fui a dormir tarde por la noche."
"What a pretty rabbit it is!","¡Qué lindo conejo es!"
"She hopped out of her burrow.","Saltó de su madriguera."
"Her eyes look all around eagerly.","Sus ojos miran a su alrededor con ansiedad."
"She perches on her toes and keeps her ears sharp and steady.","Se posa sobre los dedos de los pies y mantiene las orejas afiladas y firmes."
"There was a breeze, then the rain followed.","Hubo una brisa, luego siguió la lluvia."
"Like a hunter, she looks around.","Como un cazador, mira a su alrededor."
"She licks her ears and rubs her paws.","Se lame las orejas y se frota las patas."
"Then there seemed to be gold in the rock.","Entonces parecía haber oro en la roca."
"They do not stop or give up, and instead continue to go ahead.","No se detienen ni se rinden, sino que continúan adelante."
"Hence, they never stop, going on all day seemingly forever.","Por lo tanto, nunca se detienen, todo el día aparentemente para siempre."
"The digging in the middle of the tunnel does not stop.","La excavación en medio del túnel no se detiene."
"Even when one rabbit stops to rest, others take over and continue the process.","Incluso cuando un conejo se detiene a descansar, otros se hacen cargo y continúan el proceso."
"If it rains heavily, how can they continue?","Si llueve mucho, ¿cómo pueden continuar?"
"Then they will have to stay home.","Entonces tendrán que quedarse en casa."
"It rains.","Llueve."
"What should I do next?","¿Qué debería hacer después?"
"The day is ending.","El día se acaba."
"Sun is sinking and the moon is becoming visible.","El sol se está hundiendo y la luna se hace visible."
"So, the rabbit has to take shelter and go to sleep.","Entonces, el conejo tiene que refugiarse e irse a dormir."
"It is still so dark.","Todavía está muy oscuro."
"I woke up from my sleep to see the next bright day.","Me desperté de mi sueño para ver el próximo día brillante."
"I wonder why you hardly ever see that in real life.","Me pregunto por qué casi nunca ves eso en la vida real."
"I told my friends about my dream.","Les conté a mis amigos sobre mi sueño."
"The sun rises and falls in a seemingly endless cycle.","El sol sale y cae en un ciclo aparentemente interminable."
"Finally, there is no more moon for us to see.","Finalmente, no hay más luna para que veamos."
"Where did the moon go?","¿A dónde se fue la luna?"
"What is left but a tree containing endless fruit?","¿Qué queda sino un árbol que contiene frutos sin fin?"
"Yes please, let's do it!","¡Sí, por favor, hagámoslo!"
"Okay, if you think that is the best path.","Está bien, si crees que ese es el mejor camino."
"The bird seems to be flying upside down.","El pájaro parece estar volando boca abajo."
"I don't see why that tree needs to be so tall.","No veo por qué ese árbol necesita ser tan alto."
"I often lose myself in the beauty of the forest.","A menudo me pierdo en la belleza del bosque."
"Since we last walked here, the tree has grown by quite a lot.","Desde la última vez que caminamos aquí, el árbol ha crecido bastante."
"However, it would be a lot more interesting to just jump in ourselves.","Sin embargo, sería mucho más interesante saltar en nosotros mismos."
"This is basically the way trees grow.","Esta es básicamente la forma en que crecen los árboles."
"Put in a good word for me.","Habla bien de mí."
"We will be together until the end.","Estaremos juntos hasta el final."
"I love late night walks.","Me encantan los paseos nocturnos."
"Will you love me forever?","¿Me amarás por siempre?"
"She loves the color of the sky in the early morning.","Le encanta el color del cielo a primera hora de la mañana."
"The tree has black leaves, long, slender, and beautiful.","El árbol tiene hojas negras, largas, delgadas y hermosas."
"Flowers roses grew all around the house.","Flores rosas crecían por toda la casa."
"Look at that clear blue sky!","¡Mira ese cielo azul claro!"
"Purple flowers everywhere!","¡Flores púrpuras por todas partes!"
"The way he moved, he made it look so easy.","La forma en que se movía hacía que pareciera tan fácil."
"The rain was falling down hard.","La lluvia caía con fuerza."
"How high can trees grow amongst other trees in the forest?","¿Qué tan alto pueden crecer los árboles entre otros árboles en el bosque?"
"Lower your voice.","Baja la voz."
"I was living on a big piece of land when I was young.","Vivía en un gran terreno cuando era joven."
"That tree is pretty darn big.","Ese árbol es bastante grande."
"My imagination runs wild sometimes.","Mi imaginación se vuelve loca a veces."
"The forest was full of wild flowers.","El bosque estaba lleno de flores silvestres."
"The lake is calm today.","El lago está tranquilo hoy."
"Sitting still helps me stay calm when I am having a bad day.","Sentarme quieto me ayuda a mantener la calma cuando tengo un mal día."
"We wanted to get closer to the wild animals because they were so beautiful.","Queríamos acercarnos más a los animales salvajes porque eran muy hermosos."
"Don't stand so close to the fire.","No te quedes tan cerca del fuego."
"The storm is far away from here thankfully.","Afortunadamente, la tormenta está lejos de aquí."
"This is the oldest tree on the land.","Este es el árbol más viejo de la tierra."
"This forest is full of very old trees.","Este bosque está lleno de árboles muy viejos."
"The season is currently changing, as you can see since the leaves are getting brown.","La temporada está cambiando actualmente, como puede ver, ya que las hojas se están poniendo marrones."
"It was as hard as rock.","Fue tan duro como una roca."
"Sun is a huge source of energy.","El sol es una gran fuente de energía."
"She felt energy rushing through her.","Sintió que la energía la recorría."
"If you follow this dirt path that way, you will reach a small forest.","Si sigues este camino de tierra de esa manera, llegarás a un pequeño bosque."
"I have good feeling about this.","Tengo un buen presentimiento sobre esto."
"My father is a really good man.","Mi padre es un hombre realmente bueno."
"What is your sibling's name?","¿Cuál es el nombre de tu hermano?"
"Go to sleep, sweet child.","Vete a dormir, dulce niña."
"Family matters.","Asuntos familiares."
"Welcome to our small but loving family.","Bienvenidos a nuestra pequeña pero amorosa familia."
"Peace be with you, friend.","La paz sea contigo, amigo."
"One kiss, one hug and one smile is all that it takes.","Un beso, un abrazo y una sonrisa es todo lo que se necesita."
"For two years I dreamed of climbing that mountain.","Durante dos años soñé con escalar esa montaña."
"Knock three times.","Toca tres veces."
"Where is your favorite place?","¿Dónde está tu lugar favorito?"
"He jumped around the field, trying to catch a butterfly.","Saltó por el campo, tratando de atrapar una mariposa."
"We need to dig a hole and plant this seed.","Necesitamos cavar un hoyo y plantar esta semilla."
"Do you have a plan for the adventure?","¿Tienes un plan para la aventura?"
"I could hear interesting sounds like a song traveling through the night across the beautiful sea.","Podía escuchar sonidos interesantes como una canción viajando a través de la noche a través del hermoso mar."
"If you look carefully around you, you will find beauty everywhere.","Si miras cuidadosamente a tu alrededor, encontrarás belleza en todas partes."
"Who do you see in the lake?","¿A quién ves en el lago?"
"Come and find me.","Ven y Encuentrame."
"Find your true path.","Encuentra tu verdadero camino."
"She could not resist the call of the wild.","Ella no pudo resistir la llamada de la naturaleza."
"Call me tomorrow.","Llámame mañana."
"I hope so too.","Yo tambien lo espero."
"Aside from being pretty, this flower is also rare.","Además de ser bonita, esta flor también es rara."
"Rain is falling once again.","La lluvia está cayendo una vez más."
"We must leave, otherwise we will snowed in.","Debemos irnos, de lo contrario entraremos nevando."
"It is very cold outside, hence I am wearing a coat.","Hace mucho frío afuera, por eso estoy usando un abrigo."
"This was a rich forest a while ago.","Este era un bosque rico hace un tiempo."
"Go straight ahead and you will find it.","Siga recto y lo encontrará."
"She was hiding behind the giant bush.","Ella estaba escondida detrás de un arbusto gigante."
"Birds are flying over the land.","Los pájaros vuelan sobre la tierra."
"I will plant a tree right here.","Plantaré un árbol aquí mismo."
"There are many animals in this forest.","Hay muchos animales en este bosque."
"What is all this?","¿Que es todo esto?"
"This is totally my favorite place.","Este es mi lugar favorito."
"May I have some water please?","¿Puedo tener un poco de agua por favor?"
"How long will this storm last?","¿Cuánto tiempo durará esta tormenta?"
"In the middle of the forest, you can see an old log rotting away into the ground.","En medio del bosque, puedes ver un viejo tronco pudriéndose en el suelo."
"Sunrise is one of the beautiful parts of the day.","El amanecer es una de las partes más hermosas del día."
"Let's stay here for an hour longer.","Quedémonos aquí una hora más."
"Every year I go and walk by the lake.","Todos los años voy a caminar por el lago."
"The bird is still sitting still on the branch.","El pájaro todavía está quieto en la rama."
"Don't wander off too far.","No te alejes demasiado."
"Tell me if you can see the moon tonight.","Dime si puedes ver la luna esta noche."
"I was eating the fruit but then I decided that I want to eat something else.","Estaba comiendo la fruta, pero luego decidí que quería comer algo más."
"Who planted the big tree over there?","¿Quién plantó el gran árbol allí?"
"What will happen to the grass when winter comes?","¿Qué pasará con la hierba cuando llegue el invierno?"
"I know where bunnies hide.","Sé dónde se esconden los conejos."
"I always wondered why water has no taste.","Siempre me pregunté por qué el agua no tiene sabor."
"How did you sleep?","¿Cómo has dormido?"
"Sometimes I like to travel far away from home.","A veces me gusta viajar lejos de casa."
"Love is not just a word.","El amor no es solo una palabra."
"We must take care of this planet, to be honest.","Debemos cuidar este planeta, para ser honestos."
"If I plant five trees maybe at least one will grow.","Si planto cinco árboles, tal vez al menos uno crezca."
"I never saw such wonderful river in my entire life.","Nunca vi un río tan maravilloso en toda mi vida."
"Over time, nature healed, and grass, trees and animals replaced the bare dirt.","Con el tiempo, la naturaleza se curó y la hierba, los árboles y los animales reemplazaron la tierra desnuda."
"Sundown is another beautiful part of my day.","La puesta del sol es otra parte hermosa de mi día."
"I like to sit down on soft and bright green grass.","Me gusta sentarme sobre césped verde suave y brillante."
"Snow was falling all night and in the morning everything was white.","La nieve estuvo cayendo toda la noche y por la mañana todo estaba blanco."
"Oceans are just too big!","¡Los océanos son demasiado grandes!"
"Seven years ago, I saw a huge owl right there.","Hace siete años, vi un búho enorme allí mismo."
"We like swimming in the river.","Nos gusta nadar en el río."
"Stars shine bright tonight.","Las estrellas brillan intensamente esta noche."
"A little wolf is playing with the wooden stick.","Un pequeño lobo está jugando con el palo de madera."
"Sand on this beach is totally black.","La arena de esta playa es totalmente negra."
"The light in the sky was blue and green, moving slowly, like magic.","La luz en el cielo era azul y verde, moviéndose lentamente, como por arte de magia."
"I can see the trees growing along the shore.","Puedo ver los árboles que crecen a lo largo de la orilla."
"The air is crisp and fresh, and the night sky is clear.","El aire es fresco y fresco, y el cielo nocturno está despejado."
"There is one last leaf left hanging from the barren tree.","Queda una última hoja colgando del árbol estéril."
"This summer my family is going on a long walk around the lake.","Este verano mi familia va a dar un largo paseo por el lago."
"One of his eyes was purple and the other one was blue.","Uno de sus ojos era morado y el otro azul."
"It seems like it used to rain almost every day when I was a child.","Parece que solía llover casi todos los días cuando era niño."
"The sea covers a larger part of the earth.","El mar cubre una mayor parte de la tierra."
"The bushes surround the forest, creating a boundary that protects the landscape.","Los arbustos rodean el bosque, creando un límite que protege el paisaje."
"The bees love to suck on the nectar of flowers.","A las abejas les encanta chupar el néctar de las flores."
"These type of red rocks are rarely found, you have to be extremeley patient while digging.","Este tipo de rocas rojas rara vez se encuentran, hay que tener extrema paciencia al excavar."
"Ocean waves were very high that day years back.","Las olas del océano eran muy altas ese día hace años."
"Dark clouds part, allowing the suns rays to enter once again.","Las nubes oscuras se abren, permitiendo que los rayos del sol entren una vez más."
"Sunshine in the northern part of the country seems a lot different from the south.","La luz del sol en la parte norte del país parece muy diferente a la del sur."
"Shrubs are pretty much always seen growing all over the forest floor.","Los arbustos casi siempre se ven creciendo por todo el suelo del bosque."
"Did you ever climb up that super tall hill behind that one tree?","¿Alguna vez subiste esa colina súper alta detrás de ese árbol?"
"It's too far, we cannot walk there now, it's too late.","Está demasiado lejos, no podemos caminar hasta allí ahora, es demasiado tarde."
"I like making this place mine, keeping it clean and fresh for anyone who comes by.","Me gusta hacer mío este lugar, mantenerlo limpio y fresco para cualquiera que venga."
"Look, the fire is blue right now, that is so cool!","Mira, el fuego es azul en este momento, ¡eso es genial!"
"Have you ever tried making a fire all on your own?","¿Alguna vez has intentado hacer un fuego por tu cuenta?"
"You never actually see trees growing, they grow too slowly.","En realidad, nunca ves crecer árboles, crecen demasiado lento."
"And so I kept dreaming like it was real life.","Y así seguí soñando como si fuera la vida real."
