"sentence",translation
"We hear children.",Chúng tôi nghe trẻ em.
"The leaf is green.",Chiếc lá màu xanh.
"You see red dirt.",Bạn nhìn thấy đất đỏ.
"The small child jumps.",Đứa bé nhảy.
"My parents are here.",Bố mẹ của tôi ở đây.
"What is the year?",Năm đó là năm nào?
"I have a good family.",Tôi có một gia đình hạnh phúc.
"There are two fruits.",Có hai trái cây.
"This leaf is small and green.",Chiếc lá này nhỏ và có màu xanh.
"My sibling is home again.",Anh chị em của tôi lại ở nhà rồi.
"The white rock moves.",Cục đá màu trắng di chuyển.
"Are you calm today?",Bạn có cảm thấy bình tĩnh hôm nay không?
"Find the purple fruit!",Hãy tìm quả màu tím!
"Who is your sibling?",Anh chị em của bạn là ai?
"I am behind the tree.",Tôi ở sau cái cây.
"The dirt is black.",Đất màu đen.
"Can you see us?",Bạn có thể nhìn thấy chúng tôi không?
"They cannot hear you.",Họ không nghe được bạn.
"Jump three times.",Nhảy ba lần.
"Find it again.",Tìm nó lần nữa.
"Her friend is climbing a tree.",Bạn của cô ấy đang trèo cây.
"The red fruit is close to you.",Quả màu đỏ ở gần bạn.
"How do I find the biggest tree?",Làm thế nào để tôi tìm được cây to nhất?
"It is time to dig for rocks.",Đã đến lúc đào để lấy đá.
"What color is the star tonight?",Ngôi sao đó có màu gì tối nay?
"I do not know the time.",Tôi không biết mấy giờ.
"Is your rock purple or white?",Cục đá của bạn màu tím hay màu trắng?
"Calling her parents is too hard.",Gọi cho bố mẹ của cô ấy quá khó.
"Did you see the yellow star?",Bạn có nhìn thấy ngôi sao màu vàng không?
"Count one, two, three.","Đếm một, hai, ba."
"She will call me tomorrow.",Cô ấy sẽ gọi cho tôi vào ngày mai.
"He was your first friend.",Anh ấy là người bạn đầu tiên của bạn.
"I want to see, too.",Tôi cũng muốn xem.
"I see a lot of dirt over there.",Tôi nhìn thấy rất nhiều đất ở đằng kia.
"This is not a very ripe piece of fruit.",Quả này không được chín lắm.
"Why will she be wild today, do you think?",Bạn nghĩ rằng vì sao cô ấy lại nổi loạn hôm nay?
"I am the middle child of my family.",Tôi là con giữa trong gia đình.
"She was very small last year.",Năm ngoái cô ấy rất nhỏ.
"Do not move my small fruit!",Đừng xê dịch trái cây nhỏ của tôi!
"Will I find them behind a tree?",Tôi sẽ tìm thấy chúng đằng sau một cái cây phải không?
"She said I should not climb there.",Cô ấy bảo rằng tôi không nên leo lên đó.
"I like that you always have a plan.",Tôi thích việc bạn luôn có kế hoạch.
"We are too far away to see the tree.",Chúng ta ở quá xa để có thể nhìn thấy cái cây.
"It would be good to see my home again.",Sẽ rất tuyệt vời khi được nhìn lại ngôi nhà của mình.
"Get off that tree or I will call your parents!",Xuống khỏi cái cây đó nếu không tôi sẽ gọi cha mẹ của cháu!
"He thought she could see him.",Anh ấy đã nghĩ rằng cô ấy có thể nhìn thấy anh ấy.
"It is hard to have so much energy.",Thật khó để có nhiều năng lượng như vậy.
"I planned to call you yesterday.",Tôi đã định gọi cho bạn ngày hôm qua.
"Don't dig over there because it's too far.",Đừng đào ở đó bởi vì nó quá xa.
"What time did he say he would call?",Anh ấy nói rằng anh ấy sẽ gọi vào lúc mấy giờ?
"Maybe they should go home now.",Có lẽ họ nên về nhà ngay bây giờ.
"They had not looked for a rock of that color.",Họ đã không tìm kiếm một cục đá có màu đó.
"He used to be our calmest friend.",Anh ấy đã từng là người bạn trầm tĩnh nhất của chúng tôi.
"They wanted us to find a purple leaf.",Họ đã muốn chúng tôi tìm kiếm một chiếc lá màu tím.
"When can you plan our next dig?",Bạn có thể lên kế hoạch cho lần đào tiếp theo của chúng ta khi nào?
"Please move it to a better time.",Hãy dịch nó sang một thời điểm tốt hơn.
"Is it too late to call your parents?",Có quá muộn để gọi cha mẹ của bạn không?
"I didn't plan on doing that ever again!",Tôi đã không định làm điều đó thêm một lần nào nữa!
"I wish you could see this like I do.",Tôi ước gì bạn có thể nhìn thấy cái này như tôi.
"Will you only look for your family?",Bạn sẽ chỉ tìm gia đình của bạn thôi ư?
"We have seen the star high in the sky.",Chúng tôi đã trông thấy ngôi sao cao trên bầu trời.
"We are aboard a boat.",Chúng tôi lên một con tàu.
"She talked about the sun.",Cô ấy đã nói về mặt trời.
"The sky is above the sea.",Bầu trời ở trên biển.
"They will be across the water.",Họ sẽ băng qua vùng nước.
"He wanted to rest after the long night.",Anh ấy đã muốn nghỉ sau một đêm dài.
"Are you with them or against them?",Bạn đồng ý hay phản đối họ?
"We walked along the trail for an hour.",Chúng tôi đã đi dọc con đường mòn trong một tiếng.
"There might be animals among us.",Có thể có những con vật trong số chúng ta.
"We must go around the forest.",Chúng ta phải đi vòng quanh khu rừng.
"He is as tall as a tree.",Anh ấy cao như cái cây.
"Are you at the home right now?",Bạn có đang ở nhà không?
"Let's eat before we talk.",Hãy ăn trước khi chúng ta nói chuyện.
"I think you should follow behind.",Tôi nghĩ bạn nên theo sau.
"The water below me is brown.",Nước bên dưới tôi có màu nâu.
"Swimming in the evening is beneath her.",Bơi lội vào buổi tối là ở bên dưới cô ấy.
"The fruit is beside the river.",Trái cây ở bên cạnh con sông.
"Nothing is between me and the sky.",Không có gì ở giữa tôi và bầu trời.
"Do you want to see beyond the forest?",Bạn có muốn nhìn vượt xa khu rừng không?
"She is not kind, but I still like her.",Cô ấy không tốt nhưng tôi vẫn thích cô ấy.
"Rest with me by the fire.",Nghỉ cùng tôi bên ngọn lửa.
"She loves her despite her appearance.",Cô ấy yêu cô ấy bất chấp vẻ bề ngoài.
"The tree has fallen down!",Cái cây đã đổ!
"Did she wake up at the night?",Cô ấy có tỉnh giấc vào đêm đó không?
"Everyone left except him.",Mọi người đã bỏ đi ngoại trừ anh ấy.
"The stars shine for them.",Các ngôi sao chiếu sáng cho họ.
"Is this gift from him or her?",Món quà này là từ anh ấy hay cô ấy?
"Have they swum in the river before?",Họ đã từng bơi trên con sông đó hay chưa?
"Please go inside in a couple minutes.",Hãy đi vào trong trong một vài phút.
"They will go into the forest without fear.",Họ sẽ đi vào rừng mà không sợ hãi.
"She is like a wild animal.",Cô ấy như một con thú hoang.
"Don't let her get near the river.",Đừng để cô ấy đến gần con sông.
"My friend is sitting next to her sibling.",Bạn tôi đang ngồi cạnh anh chị em của cô ấy.
"A lot of the fruit is gone.",Rất nhiều trái cây đã biến mất.
"How should he jump off the tree?",Anh ấy nhảy khỏi cái cây như thế nào?
"They were sitting on the dirt.",Họ đang ngồi trên đất.
"They have climbed onto the tree.",Họ đã trèo lên cây.
"There will be five animals out in the forest.",Trong rừng sẽ có năm con vật.
"Jump over the yellow dirt.",Nhảy qua đất màu vàng.
"Be careful walking past the animal.",Cẩn thận đi qua con vật.
"There would be two fruits per person.",Sẽ có hai quả cho mỗi người.
"Two plus two is four.",Hai thêm hai là bốn.
"Let's have a chat regarding the child.",Hãy nói chuyện về đứa trẻ.
"We walked 'round the tree.",Chúng tôi đã đi vòng quanh cái cây.
"All of us left save for my parent.",Tất cả chúng tôi đã rời đi trừ bố mẹ tôi.
"I won't come since I have no money.",Tôi sẽ không đến bởi vì tôi không có tiền.
"Is he older than her?",Anh ấy nhiều tuổi hơn cô ấy à?
"She wants us to go through the forest.",Cô ấy muốn chúng tôi băng qua khu rừng.
"We slept till the sunrise.",Chúng tôi đã ngủ tới bình minh.
"Are you going to the river?",Bạn đang đi tới con sông ư?
"Look toward the stars for guidance.",Nhìn về những vì sao để được chỉ lối.
"Why is he under the water?",Vì sao anh ấy ở dưới nước?
"Underneath his appearance is a kind heart.",Dưới vẻ bề ngoài của anh ấy là một trái tim nhân hậu.
"Unlike me, she is very fast.","Không như tôi, cô ấy rất nhanh nhẹn."
"Wait until I am ready.",Chờ đến khi tôi sẵn sàng.
"The fish swim up to the surface.",Con cá ngoi lên mặt nước.
"He sits upon a throne.",Anh ấy ngồi trên ngai vàng.
"Let's talk about swimming versus running.",Hãy nói về bơi lội so với chạy bộ.
"She told them via letter.",Cô ấy đã nói với họ qua thư.
"Why aren't you with me?",Vì sao bạn không ủng hộ tôi?
"Fear is not within their heart.",Sợ hãi không hiện diện trong tim họ.
"Don't go without us!",Đừng đi mà không có chúng tôi!
"Please have another piece of fruit.",Hãy ăn thêm một trái nữa.
"Do you have any water?",Bạn có nước không?
"Anyone can dance.",Bất kỳ ai đều nhảy được.
"We will do anything for her.",Chúng tôi sẽ làm mọi việc vì cô ấy.
"Let's travel anywhere but here.",Hãy đi đến nơi nào cũng được trừ nơi này.
"They want both fruit and water.",Họ muốn cả trái cây và nước.
"Are you certain of that?",Bạn có chắc chắn về việc đó không?
"He loves each animal equally.",Anh ấy yêu mỗi con vật như nhau.
"You can have either this or that.",Bạn có thể có cái này hoặc cái kia.
"They don't have enough leaves.",Họ không có đủ lá.
"Every child has a favorite color.",Mọi đứa trẻ đều có một màu sắc ưa thích.
"Is everyone okay with the plan?",Mọi người đồng ý với kế hoạch chứ?
"The sun shone on everything.",Mặt trời chiếu sáng mọi vật.
"Everywhere I go, I smile.","Nơi nào tôi đến, tôi cũng tươi cười."
"A few children like swimming.",Một số trẻ thích bơi lội.
"Where were you last night?",Tối qua anh đã ở đâu?
"It the least intelligent animal.",Nó là con vật kém thông minh nhất.
"Give me less fruit.",Hãy đưa tôi ít trái cây hơn.
"They are a little tired.",Họ hơi mệt một chút.
"Many people love the sea.",Nhiều người thích biển.
"She wanted more water.",Cô ấy đã muốn có thêm nước.
"Most forests have lots of trees.",Hầu hết rừng đều có nhiều cây.
"I don't have much, but it's enough.",Tôi không có nhiều nhưng đủ.
"That animal can neither run nor walk.",Con vật đó không thể chạy hay đi.
"Do you want to sit next to her?",Bạn có muốn ngồi cạnh cô ấy không?
"No, they can't eat rocks!","Không, chúng không thể ăn đá!"
"None of them are coming.",Không ai trong số họ đến.
"Nothing can stop me.",Không có gì ngăn cản tôi được.
"I have nowhere I need to go.",Tôi không cần đi đến nơi nào cả.
"I once ate fruit.",Tôi đã từng ăn trái cây.
"Several children can climb.",Một số đứa trẻ có thể leo trèo.
"Some parents don't know me.",Một số phụ huynh không biết tôi.
"Somebody help, please!",Có ai giúp tôi với!
"Something is in the water.",Có thứ gì đó ở trong nước.
"I am somewhere in the forest.",Tôi đang ở nơi nào đó trong khu rừng.
"What is your name?",Tên bạn là gì?
"We can make whatever he wants.",Chúng tôi có thể làm ra mọi thứ anh ấy muốn.
"Which of you is a parent?",Ai trong số anh chị là phụ huynh?
"Visit whichever forest is west of here.",Đến thăm khu rừng nào nằm ở phía tây từ đây.
"If the fruit is big and low to the ground, you can eat it.","Nếu trái cây to và thấp với mặt đất, bạn có thể ăn nó."
"Just move over here and then you can hear the children.",Hãy tới đây và bạn có thể nghe thấy lũ trẻ.
"One hour ago, your sibling dug up that fruit.","Một tiếng trước, anh chị em của bạn đã đào trái cây đó lên."
"I always call my friend at the last hour of the day.",Tôi luôn gọi cho bạn của tôi vào giờ cuối cùng trong ngày.
"When do you think you will get home this time?",Bạn nghĩ rằng lần này bạn sẽ về nhà khi nào?
"Who wants to wander around at night when it's so dark?",Ai muốn lang thang vào ban đêm khi trời tối cơ chứ?
"Soon I will be the last child of my family who is at home.",Tôi sẽ sớm trở thành người con cuối cùng trong gia đình ở nhà.
"It is the middle of the day, so you should stay behind.",Đang là giữa ngày vậy bạn nên ở lại đằng sau.
"I would give her it, but she might not think it is a good rock.",Tôi sẽ đưa nó cho cô ấy nhưng có thể cô ấy không nghĩ rằng nó là một hòn đá tốt.
"She was so far away that we had to call for her three times.",Cô ấy ở quá xa đến nỗi chúng tôi đã phải gọi cô ấy ba lần.
"Why did you look behind you like that?",Vì sao bạn nhìn về sau như vậy?
"She has such wild energy that it is hard to calm her down.",Cô ấy quá phấn khích nên rất khó để trấn tĩnh cô ấy.
"Does the color look blue to you, or is it actually white?","Bạn có thấy nó màu xanh không, hay nó thực sự màu trắng?"
"That would not be the first time, but I hope it is the last.",Đó không phải lần đầu tiên nhưng tôi hy vọng đó là lần cuối cùng.
"She wanted him to find a rock as small as hers.",Cô ấy muốn anh ấy tìm một hòn đá nhỏ như hòn đá của cô ấy.
"Maybe if you hadn't found them, they would have moved.",Có lẽ nếu bạn không tìm thấy chúng thì chúng đã được dịch chuyển rồi.
"You must have heard those children climbing!",Bạn chắc đã nghe thấy tiếng lũ trẻ đó leo trèo!
"Don't tell me that you didn't look for a black leaf.",Đừng bảo tôi rằng bạn đã không tìm một chiếc lá màu đen.
"Who else could have planned for such a day?",Còn ai khác có thể lên kế hoạch cho một ngày như vậy cơ chứ?
"The first child will be ahead of the second by only a little.",Đứa trẻ thứ nhất sẽ dẫn trước đứa trẻ thứ hai chỉ một chút.
"They jumped here and there without ever finding it.",Họ nhảy từ chỗ này qua chỗ khác mà không tìm thấy nó.
"Digging was very hard, hence the low energy.",Đào bới rất mệt nhọc do đó sức lực giảm đi.
"She would otherwise be an only child.",Nếu không cô ấy sẽ là con một.
"He would have seen the tree if he had been bigger.",Anh ấy sẽ nhìn thấy cái cây nếu anh ấy lớn hơn.
"Maybe the fruit on the ground is good, but probably not.",Trái cây trên mặt đất kia có thể còn tốt nhưng cũng có thể là không.
"I was ahead of you years ago, but not anymore.",Tôi đã hơn bạn vài năm trước nhưng giờ thì không.
"I will find one sibling if they will find the other.",Tôi sẽ tìm một người anh chị em nếu họ tìm người còn lại.
"I couldn't call you at such a time!",Tôi đã không thể gọi cho bạn vào lúc đó!
"Where did they jump while you were looking at the stars?",Họ đã nhảy đi đâu trong khi bạn đang ngắm những vì sao?
"Don't move the yellow leaves until the year is over.",Đừng di chuyển những chiếc lá vàng trước khi hết năm.
"We didn't plan to hear it, but we still did.",Chúng tôi không định nghe nó nhưng chúng tôi vẫn nghe.
"When I look at you, I see a good parent.","Khi tôi nhìn thấy bạn, tôi nhìn thấy một phụ huynh tốt."
"At this time of day, no one else is home.",Giờ này trong ngày thì không có ai khác ở nhà.
"They have heard neither the white star nor the red star.",Họ chưa nghe về ngôi sao trắng hay ngôi sao đỏ.
"How many of those leaves are yellow?",Bao nhiêu chiếc lá trong số đó có màu vàng?
"By this time tomorrow, she will have climbed three trees.",Giờ này ngày mai cô ấy đã leo được ba cái cây rồi.
"She is closer than him to the wild fruit, but he can't see that.",Cô ấy ở gần quả dại hơn anh ấy nhưng anh ấy không thể nhìn thấy nó.
"What was she planning to tell you last night?",Cô ấy định nói gì với bạn tối qua vậy?
"I wouldn't climb that tree if I were you.",Tôi sẽ không leo cái cây đó nếu tôi là anh.
"He found it easy to jump over the leaves.",Anh ấy thấy rất dễ để nhảy qua những chiếc lá.
"At what time do they plan on moving those rocks?",Họ định di chuyển những cục đá đó lúc mấy giờ?
"I've always wanted to stay in a beach house.",Tôi luôn muốn ở trong một ngôi nhà bên bờ biển.
"The desert night was cold and dark.",Đêm ở sa mạc lạnh lẽo và tối tăm.
"Mike must be working in the field today.",Mike chắc hẳn đang làm việc ngoài đồng hôm nay.
"How far is the forest from home?",Khu rừng cách ngôi nhà bao xa?
"The lake was looking beautiful.",Hồ nước trông rất đẹp.
"The sea was rough.",Biển đã rất động.
"Which plants are not green?",Thực vật nào không có màu xanh?
"There are three small rooms in the house.",Ngôi nhà có ba phòng nhỏ.
"It was a sunny morning and by eight o'clock it was already hot.",Đó là một buổi sáng nhiều nắng và đến tám giờ trời đã nóng rồi.
"The night was calm and fresh.",Đêm đó yên tĩnh và trong lành.
"Put on your white dress.",Hãy mặc chiếc váy trắng của bạn.
"Why did you think I sent you the flower, and that chocolate?",Vì sao bạn nghĩ rằng tôi gửi hoa cho bạn và chiếc sô cô la đó nữa?
"I can make grass grow!",Tôi có thể làm cho cỏ mọc!
"She was close to realizing a lifetime goal.",Cô ấy đã gần nhận ra một mục tiêu của cuộc đời.
"Trees are truly life savers as they help reduce pollution.",Cây cối thực sự là cứu tinh của sự sống bởi chúng giúp giảm ô nhiễm.
"The climate on the coast is hot, humid, and unhealthy.",Khí hậu trên bờ biển là nóng ẩm và độc.
"Leafs are turning yellow due to dry weather.",Lá chuyển sang màu vàng vì thời tiết khô.
"The summer had been very dry and no berries grew.",Mùa hè đó rất khô và dâu đã không mọc được.
"The rocks are not too high to climb.",Những tảng đá đó quá cao để trèo.
"Fruits are beneficial for health as they provide energy to work.",Trái cây có lợi cho sức khỏe bởi chúng cung cấp năng lượng để làm việc.
"His shoes were covered with mud when he entered the house.",Giày của anh ấy dính toàn bùn khi anh ấy bước vào nhà.
"Indoor plants makes the house look attractive and pleasing.",Cây trong nhà giúp ngôi nhà trở nên đẹp và dễ chịu hơn.
"How bright a star can be? Have you ever thought about this?",Một ngôi sao sáng đến mức nào? Bạn đã từng suy nghĩ về việc này chưa?
"I wonder how the tree got so tall.",Tôi thắc mắc làm thế nào cái cây cao như vậy.
"They have yet to see the big beautiful white rock.",Họ chưa nhìn thấy tảng đá to màu trắng rất đẹp đó.
"I keep wondering why birds evolved to fly.",Tôi cứ thắc mắc vì sao loài chim lại tiến hóa để bay.
"I don't know what to pick.",Tôi không biết phải hái cái gì.
"I have just about finished picking the berries.",Tôi sắp hái xong dâu rồi.
"The climate is hot and very humid.",Khí hậu nóng và rất ẩm ướt.
"The scenery of the valley is just amazing.",Quang cảnh thung lũng rất tuyệt vời.
"The boy was no longer sleepy, but full of energy and excitement.",Cậu bé không còn buồn ngủ nữa mà tràn đầy năng lượng và hứng khởi.
"She covered her head as dirt rained over her.",Cô ấy che đầu trong khi đất cát rơi xuống cô ấy.
"It shouldn't be hard to dig in this sand.",Đào cát này không khó.
"There it was cool and quiet, with a scent of ripe fruit.",Ở đó mát mẻ và yên tĩnh với hương trái cây chín.
"Sunny in the morning but mostly cloudy by the evening.",Nhiều nắng vào buổi sáng nhưng đa phần nhiều mây cho đến tối.
"He went abroad to study higher.",Anh ấy đã ra nước ngoài để học cao hơn.
"Children were playing in park with a ball.",Những đứa trẻ đang chơi bóng trong công viên.
"The bird won't let me nearby.",Con chim sẽ không để tôi đến gần.
"I have eaten a piece of fruit.",Tôi đã ăn một miếng trái cây.
"Everything was budding and blossoming.",Mọi thứ đều đang hé nụ và đua nở.
"I will always be with you.",Tôi sẽ luôn ở bên bạn.
"The sun had set, and dusk settled over the ocean.",Mặt trời đã lặn và hoàng hôn đã phủ xuống đại dương.
"He is one of the best players.",Anh ấy là một trong những người chơi giỏi nhất.
"Sitting, that is the main thing to consider.","Ngồi, đó là vấn đề chính cần cân nhắc."
"The sight, sound, and scent of the ocean helped her relax.","Quang cảnh, âm thanh và mùi hương của đại dương đã giúp cô ấy thư giãn."
"There are clouds over the hills.",Trên những ngọn đồi là những đám mây.
"The sky is over my head.",Bầu trời ở trên đầu tôi.
"My house is across the bank.",Nhà tôi ở bên kia bờ.
"You should expect any weather from scorching hot to cold, wet and windy.",Bạn nên sẵn sàng với mọi kiểu thời tiết từ nóng như đổ lửa đến rét ẩm ướt và lộng gió.
"I have a pool behind my house.",Tôi có một bể bơi đằng sau nhà.
"I have done this task for your benefit.",Tôi đã làm công việc này vì lợi ích của bạn.
"We cannot live without water.",Chúng ta không thể sống mà thiếu nước.
"It's my pleasure to help you.",Tôi rất vui được giúp bạn.
"Playing is his only job.",Chơi là công việc duy nhất của anh ấy.
"We need to walk as far as we can tonight.",Chúng ta cần đi bộ xa nhất có thể tối nay.
"She throws rocks just about every day.",Cô ấy ném đá gần như hàng ngày.
"If you have the money use it wisely.",Nếu bạn có tiền thì hãy sử dụng nó một cách khôn ngoan.
"Someone is at the door.",Có ai đó ở ngoài cửa.
"Let's look at how this happened.",Hãy xem việc này đã diễn ra như thế nào.
"You better listen up.",Bạn nên lắng nghe.
"We are sure of success.",Chúng tôi chắc chắn thành công.
"He is quite punctual in following routines.",Anh ấy khá đúng giờ trong việc tuân theo các thói quen.
"I got your flowers but I forgot what they were for.",Tôi đã nhận những bông hoa của bạn nhưng tôi quên mất chúng để làm gì.
"He has been loving that one tree's fruit.",Anh ấy vẫn yêu quả của cái cây đó.
"This activity should not be attempted in windy conditions.",Không nên thử hoạt động này trong điều kiện nhiều gió.
"The research I found on the topic was limited.",Những nghiên cứu tôi tìm thấy về chủ đề đó là hạn chế.
"Where does all the rain water go?",Tất cả nước mưa đi đâu?
"Nature was at her peak, blending the wild blooms with various shades of green.","Thiên nhiên lộng lẫy, hòa quyện những đóa hoa dại với nhiều sắc xanh khác nhau."
"Water was dripping from the trees, and the grass was wet.",Nước đang nhỏ giọt từ cây và cỏ thì ướt.
"I hear that her mother is in another city.",Tôi nghe nói mẹ cô ấy đang ở một thành phố khác.
"If he is available, ask him to call me.","Nếu anh ấy rảnh, hãy bảo anh ấy gọi cho tôi."
"It is not a bad situation, don't worry.",Đó không phải là một tình huống xấu nên đừng lo.
"My teacher is very kind.",Giáo viên của tôi rất tốt tính.
"I went shopping in order to buy a new jeans.",Tôi đã đi mua một chiếc quần bò mới.
"She would take the animals out before he got home tonight.",Cô ấy sẽ đưa những con vật ra ngoài trước khi anh ấy về nhà tối nay.
"My dad never works on the weekends.",Bố tôi không bao giờ làm việc vào cuối tuần.
"She writes an e-mail to her best friend.",Cô ấy viết email cho người bạn thân nhất của cô ấy.
"The sun rises at the east.",Mặt trời mọc ở phía đông.
"George brushes his teeth twice a day.",George chải răng hai lần một ngày.
"When does the train usually leave?",Tàu thường rời ga khi nào?
"My cat runs very fast.",Con mèo của tôi chạy rất nhanh.
"He catches the train every morning.",Anh ấy bắt tàu vào mỗi buổi sáng.
"He loves to play basketball.",Anh ấy thích chơi bóng rổ.
"Does he go to river too?",Anh ấy cũng đi đến con sông ư?
"You'd better go in and get out of those wet clothes.",Bạn nên vào trong và cởi quần áo ướt đó ra.
"It usually rains every day here.",Ở đây thường mưa hàng ngày.
"It smells very delicious in the kitchen.",Trong bếp có mùi rất thơm ngon.
"They haven't been able to solve the problem yet.",Họ chưa giải quyết được vấn đề.
"It's about time you spent some money on yourself.",Sắp đến lúc bạn cần dành chút tiền cho bản thân rồi.
"You've always taken care of us.",Bạn luôn chăm sóc chúng tôi.
"There was always plenty of food.",Đã luôn có rất nhiều thức ăn.
"Be always brave and truthful, said his father.",Bố anh ấy đã nói rằng hãy luôn can đảm và trung thực.
"Tell them to bring me a leaf.",Hãy bảo họ mang cho tôi một chiếc lá.
"Why don't you sit down and rest and I'll bring you a piece of fruit.",Vì sao bạn không ngồi xuống nghỉ ngơi còn tôi sẽ mang cho bạn một món trái cây.
"We'll meet soon, brother.","Chúng ta sẽ sớm gặp nhau, anh trai à."
"Berries are quite delicious.",Dâu khá ngon.
"I have to find my lost key.",Tôi phải tìm chiếc chìa khóa bị đánh mất của mình.
"He put down the book and looked at the rock beneath him.",Anh ấy đặt quyển sách xuống và nhìn cục đá ở bên dưới anh ấy.
"I'm glad you like it.",Tôi rất vui khi bạn thích nó.
"We have some fruit waiting for us inside.",Trái cây đang chờ đợi chúng ta ở bên trong.
"She promised she would reserve a room for me.",Cô ấy đã hứa sẽ giữ một phòng cho tôi.
"Even the tiny flower petals looked vibrant.",Kể cả những cánh hoa bé xíu cũng trông rất sống động.
"Could you come by for dinner tonight?",Tối nay bạn có thể ghé qua dùng bữa tối không?
"She shivered in the chilly ocean breeze.",Cô ấy rùng mình trong cơn gió biển lạnh lẽo.
"I must have the land checked out.",Tôi phải kiểm tra mảnh đất.
"They can be divided into three groups.",Chúng có thể được chia thành ba nhóm.
"We may have good reason to be proud of ourselves.",Chúng ta có lý do chính đáng để tự hào về chính mình.
"It is necessary that he should be sent there at once.",Anh ấy cần phải được đưa đến đó ngay lập tức.
"I won't believe it unless I see it with my own eyes.",Tôi sẽ không tin nó nếu tôi không được tận mắt chứng kiến.
"I wish I had met my uncle yesterday.",Tôi ước gì tôi đã gặp chú của tôi ngày hôm qua.
"I won't phone my friend until they have arrived.",Tôi sẽ không gọi điện cho bạn của tôi cho đến khi họ đến.
"She enjoys cooking food on her own.",Cô ấy thích tự nấu ăn.
"It felt so good to be home.",Được ở nhà thật là thích.
"Everything was in good order except the boots.",Mọi thứ đều ngay ngắn ngoại trừ đôi ủng.
"If you go there, you will find him.","Nếu bạn đến đó, bạn sẽ tìm thấy anh ấy."
"A little girl said she heard about the cold breeze from around the way.",Một bé gái nói rằng cô ấy đã nghe về cơn gió lạnh từ khu vực lân cận.
"Today, I see some ripe fruit on that tree.",Hôm nay tôi trông thấy quả chín trên cây đó.
"They usually spent the morning hours in the forest.",Họ đã thường dành buổi sáng trong khu rừng.
"Who is your best friend?",Ai là người bạn thân nhất của bạn?
"She ate her fruit, took a walk, and then went back to sleep.","Cô ấy đã ăn trái cây, đi dạo và sau đó quay về ngủ."
"He loves to read, and he also loves to hike.",Anh ấy thích đọc sách và cũng thích leo núi.
"What is the true meaning of the poem?",Ý nghĩa thực sự của bài thơ là gì?
"You are showing both sides of an argument.",Bạn đang cho thấy cả hai mặt của một lập luận.
"You are describing a sequence of events.",Bạn đang mô tả một chuỗi sự kiện.
"I do not know a way to get to the moon.",Tôi không biết cách để lên mặt trăng.
"The warm sun shined on the trees and drew out all their fragrance.",Mặt trời ấm áp chiếu sáng những cái cây và gọi ra tất cả hương thơm của chúng.
"I enjoyed the stone that you brought for me.",Tôi thích viên đá bạn mang cho tôi.
"The girl ran into the forest.",Cô bé đã chạy vào rừng.
"He walked down the path.",Anh ấy đã đi xuống con đường.
"She laughed at the rabbit's activities.",Cô ấy đã cười trước những hành động của thỏ.
"Uncover the hole carefully.",Hãy gỡ miệng hố cẩn thận.
"I love the ocean because fish are so interesting to watch.",Tôi thích đại dương bởi vì xem cá thật thú vị.
"I drink juice every morning.",Tôi uống nước trái cây mỗi sáng.
"There's one piece left like yesterday.",Vẫn còn một miếng như ngày hôm qua.
"We waited for the train, but the train was late.",Chúng tôi đã đợi tàu nhưng tàu đến muộn.
"The weather was wonderful with its bright sunshine.",Thời tiết đã rất đẹp với ánh nắng rực rỡ.
"Many trees lost their leaves last winter.",Rất nhiều cây đã rụng lá vào mùa đông năm ngoái.
"The blue sky was cloudless.",Bầu trời xanh không một gợn mây.
"We walked through to the other side.",Chúng tôi đã đi xuyên qua bên kia.
"Does it snow when it is sunny?",Trời có đổ tuyết khi trời nắng không?
"Winter is over and spring has come.",Mùa đông đã qua và mùa xuân đã tới.
"The sky is full of stars.",Bầu trời đầy sao.
"Where do you want to go on a hike this weekend?",Bạn muốn đi leo núi ở đâu vào cuối tuần này?
"The moon goes around the earth.",Mặt trăng quay quanh trái đất.
"It was raining yesterday.",Ngày hôm qua trời mưa.
"The clouds are getting darker.",Mây đang dần tối đi.
"I saw a child standing near the waterfall.",Tôi đã trông thấy một đứa trẻ đứng gần thác nước.
"That one near the lake is chipping the rock.",Người gần cái hồ đang đẽo tảng đá.
"She buried her feet in the sand to keep them warm.",Cô ấy đã vùi chân xuống cát để giữ ấm.
"We have lovely trees around here.",Chúng ta có những cái cây rất đẹp xung quanh đây.
"There was no tree for shade in the forest, they all let the light through.","Không có cây nào đổ bóng râm trong rừng, chúng đều để ánh sáng xuyên qua."
"The land is covered with green grass.",Mặt đất được phủ bởi cỏ xanh.
"Do these bugs fly?",Những con bọ này có bay không?
"He dropped the leaf into the fire.",Anh ấy đã thả chiếc lá vào ngọn lửa.
"The birds drink from the still pool of water.",Lũ chim uống nước từ vũng nước tĩnh.
"They jump into the river.",Họ nhảy xuống sông.
"Birds are making their houses in the tree.",Chim làm tổ trong cây.
"Be careful of that broken branch.",Hãy cẩn thận với chiếc cành gãy đó.
"My friend works in the field.",Bạn tôi làm việc trên cánh đồng.
"We are riding into the forest today.",Hôm nay chúng tôi đang đi vào rừng.
"She ran harder up the hill.",Cô ấy đã gắng sức chạy lên ngọn đồi.
"This area has an abundant rainfall, dense forests, and fertile soil.","Khu vực này có nhiều mưa, rừng rậm rạp và đất đai phì nhiêu."
"The first tree was near the lake.",Cái cây đầu tiên ở gần hồ.
"There is beautiful land lying on both sides of the wonderful river.",Hai bên con sông tuyệt vời là những vùng đất rất đẹp.
"What is the highest mountain?",Ngọn núi cao nhất là gì?
"The countryside is made with beautiful hills.",Vùng nông thôn có nhiều ngọn đồi tuyệt đẹp.
"They will go up to the snowy region.",Họ sẽ đi lên khu vực có tuyết.
"The rock was heavy and sharp.",Cục đá nặng và sắc nhọn.
"You threw the rock over the river?",Bạn đã ném hòn đá xuống sông ư?
"Even in the dense underbrush, it had found another rock.","Kể cả trong tầng cây thấp rậm rạp, nó đã tìm thấy một hòn đá khác."
"The summer is the best time to prune raspberry bushes.",Mùa hè là thời điểm tốt nhất để tỉa cành mâm xôi.
"You are staying the whole evening, I hope?","Tôi hy vọng anh sẽ ở lại cả buổi tối, phải không?"
"I study about the earth, and the animals.",Tôi nghiên cứu về trái đất và động vật.
"It isn't cold out there, is it?",Ngoài trời không lạnh phải không?
"She ran and ran and ran, until the night came to a close.","Cô ấy đã chạy, chạy rồi chạy cho đến khi hết buổi đêm."
"When she woke again, the sun was shining on her face.","Khi cô ấy tỉnh giấc, mặt trời đang chiếu sáng gương mặt cô ấy."
"Will you give me a cup of tea?",Bạn sẽ cho tôi một cốc trà chứ?
"Will you try it and see if it makes a difference if wouldn't mind?",Nếu bạn không phiền bạn có thể thử nó để xem nó có khác biệt hay không.
"Would you like to go on an outdoor adventure?",Bạn có muốn đi phiêu lưu ngoài trời không?
"He watched as the wolf disappeared into the tall grass.",Anh ấy coi chừng trong khi con sói biến mất vào đám cỏ cao.
"I know you must be tired, so I will let you rest.",Tôi biết bạn chắc hẳn thấy mệt nên tôi sẽ để bạn nghỉ ngơi.
"The dry weather was perfect for building.",Thời tiết khô rất lý tưởng để xây dựng.
"Those few pieces of fat pine were a great treasure.",Những miếng gỗ thông béo đó là một kho báu giá trị.
"The table and chairs were made of a dark rich wood.",Bộ bàn ghế được làm từ một loại gỗ tối màu sang trọng.
"She breathed in the ocean air.",Cô ấy đã hít thở bầu không khí đại dương.
"We bought a lily and set it in a sunny window.",Chúng tôi đã mua một bông hoa ly và đặt nó ở cửa sổ nhiều nắng.
"We can't keep falling forever, you know.","Bạn biết đấy, chúng ta không thể cứ tiếp tục rơi mãi."
"After two years' growth the bushes should be quite tall.","Sau hai năm, bụi cây sẽ mọc khá cao."
"She glanced around the lush hills.",Cô ấy đã liếc nhìn quanh những ngọn đồi xanh tốt.
"All of the islands have beautiful beaches and lush scenery.",Tất cả những hòn đảo đó đều có bãi biển đẹp và phong cảnh trù phú.
"The place is absolutely crammed with plants, a lush green oasis.","Nơi đó chen chúc cây cối, một ốc đảo xanh tươi trù phú."
"It is a very vibrant and proud community.",Đó là một cộng đồng sôi động và đầy kiêu hãnh.
"The dawn brought cool air and dense fog.",Bình minh đã mang đến không khí lạnh và sương mù dày đặc.
"The air was dry and hot, as if she were in a sauna.",Không khí khô và nóng như thể cô ấy đi tắm hơi.
"Cherry blossoms are in bloom for a short period.",Hoa sơ-ri nở trong một khoảng thời gian ngắn.
"Scorpions are numerous in the arid regions.",Những nơi khô hạn có nhiều bọ cạp.
"The day was sunny and mild, a perfect day for riding.","Ngày hôm đó nắng dịu, một ngày tuyệt vời để cưỡi ngựa."
"The majestic river dashes its way towards the valley.",Con sông hùng vĩ chảy về phía thung lũng.
"The blossom is fragrant.",Bông hoa rất thơm.
"The apple trees are looking beautiful.",Những cây táo trông rất đẹp.
"The birds are chirping in the trees.",Lũ chim đang líu lo trên cây.
"The cool breeze is chilling my spine.",Cơn gió mát đang làm tôi lạnh sống lưng.
"The tides are rushing towards the land.",Thủy triều đang dâng lên bờ.
"A calm river is flowing from the mountains.",Một con sông hiền hòa đang chảy ra từ những ngọn núi.
"The pond has many flowers.",Cái ao có rất nhiều hoa.
"Birds are flying around fearlessly.",Chim đang bay xung quanh không hề e sợ.
"The frogs are trilling in the pond.",Lũ ếch đang kêu râm ran trong ao.
"The tree has long branches.",Cái cây có nhiều cành dài.
"Fresh fruit, please.","Trái cây tươi, làm ơn."
"The sky is so amazingly beautiful today.",Hôm nay bầu trời đẹp đến ngỡ ngàng.
"Deer are grazing in the fields.",Nai đang gặm cỏ trên cánh đồng.
"The wolf is chasing the deer.",Sói đang đuổi theo nai.
"This river contains many species of fish.",Con sông này có rất nhiều loài cá.
"A pack of wolves is howling in the forest.",Một đàn sói đang hú trong khu rừng.
"The clouds caused a sudden blizzard.",Đám mây đã gây ra một cơn bão tuyết đột ngột.
"Let us fly a kite in the bright sunshine.",Chúng ta hãy thả diều trong lúc trời nắng chói.
"The bugs are making weird noises.",Lũ bọ đang tạo ra âm thanh kỳ lạ.
"The mighty river is flowing along the slopes of the mountains.",Con sông hùng vĩ đang chảy theo sườn núi.
"We are approaching a valley.",Chúng ta đang tiến gần một thung lũng.
"The great wind hit the valley.",Cơn gió mạnh táp vào thung lũng.
"Look at the colorful butterflies!",Hãy trông những con bướm sặc sỡ kìa!
"The birds are cool looking.",Lũ chim trông rất hay.
"The rabbits are hopping joyously.",Lũ thỏ đang vui vẻ nhảy nhót.
"The talkative bird is curious.",Con chim nói nhiều đang tò mò.
"The coyote is witty.",Con sói đồng cỏ thông minh.
"The mice are squeaking happily.",Lũ chuột kêu chít chít một cách vui vẻ.
"Snow is dripping from the leaves.",Tuyết đang nhỏ xuống từ những chiếc lá.
"Birds are drinking water from the unusually still river.",Lũ chim đang uống nước từ hồ nước tĩnh lặng khác thường.
"Rabbits hop merrily.",Lũ thỏ vui vẻ nhảy nhót.
"This particular rabbit was pretty quick at finding some food.",Con thỏ này tìm thức ăn khá nhanh.
"The bird builds its nest quickly from twigs.",Con chim xây tổ nhanh chóng từ những cành cây.
"The fluffy bear fishes in the stream.",Con gấu nhiều lông bắt cá ở dòng suối.
"The bear snores peacefully.",Con gấu ngủ ngáy một cách bình thản.
"The unstable rock rolls down the mountains.",Tảng đá chông chênh lăn xuống núi.
"The flowers blossom blissfully.",Những đóa hoa nở rộ.
"The lush green forest has a lot of animals in it.",Khu rừng xanh tốt có rất nhiều động vật.
"Do you want to talk while we're playing?",Bạn có muốn nói chuyện trong lúc chúng ta chơi không?
"Fruit is currently being harvested as we eat.",Trái cây đang được thu hoạch trong khi chúng ta ăn.
"Fresh berries are scattered across the land.",Những trái dâu tươi vương vãi khắp mặt đất.
"The moths flock to the light like crazy.",Lũ thiêu thân điên cuồng lao vào ánh sáng.
"Wavy branches make fill the day with joy.",Những cành cây uốn lượn cho ngày thêm nhiều niềm vui.
"The ducks quack happily.",Lũ vịt kêu quạc quạc một cách vui vẻ.
"The birds are at rest.",Lũ chim đang nghỉ ngơi.
"Reptiles lay under the canopy of the forest.",Những loài bò sát nằm bên dưới tán cây rừng.
"Butterflies sit on the shrubs.",Lũ bướm đậu trên những bụi cây.
"The rabbit is lying on his back playfully.",Con thỏ đang nằm ngửa một cách tinh nghịch.
"I hope the birds would sing while we play in the grass.",Tôi hy vọng lũ chim sẽ hót trong khi chúng ta chơi trên bãi cỏ.
"No, I don't see why that should be.","Không, tôi không hiểu vì sao như vậy."
"First we wait, then we move.",Trước tiên chúng ta hãy đợi rồi mới di chuyển.
"I've never tried that, should be interesting!","Tôi chưa bao giờ thử nó, chắc là thú vị lắm đây!"
"If we could, we should, why wouldn't we?","Nếu chúng ta có thể, chúng ta nên, vì sao lại không chứ?"
"She speaks as if everyone was asleep.",Cô ấy nói như thể mọi người đang ngủ.
"No wonder the birds sing, they sound great!","Lũ chim hót không có gì ngạc nhiên, chúng hót rất hay!"
"What is your favorite thing to do?",Bạn thích làm điều gì?
"The moon shines too, just not as much.","Mặt trăng cũng chiếu sáng, chỉ là không sáng nhiều."
"If only we could jump and reach the skies.",Ước gì chúng ta có thể nhảy chạm tới bầu trời.
"Let's get there by running.",Chúng ta hãy chạy đến đó.
"We are going to explore the forest tomorrow.",Ngày mai chúng ta sẽ khám phá khu rừng.
"We are from the beach.",Chúng tôi đến từ bãi biển.
"Here, let me get that for you.","Đây, để tôi lấy nó cho bạn."
"I want to be tall when I grow up.",Tôi muốn cao khi lớn lên.
"A gentle breeze is clearing away all the leaves.",Một cơn gió nhẹ đang cuốn sạch những chiếc lá.
"Take these rocks, they are yours.","Hãy lấy những cục đá này, chúng là của bạn."
"Remind your brother to take you out when he wakes up.",Hãy nhắc anh trai bạn đưa bạn ra ngoài khi anh ấy thức dậy.
"It is time to relax and enjoy.",Đã đến lúc thư giãn và thưởng thức rồi.
"The snow is very welcoming.",Tuyết thật là gọi mời.
"I need a light sleep in the afternoon.",Tôi cần chợp mắt vào buổi trưa.
"We are planning a trip to the forest.",Chúng tôi đang lập kế hoạch đi rừng.
"The fruit we are having today is from the forest.",Trái cây chúng tôi có ngày hôm nay là ở trong rừng.
"They are coming over to play.",Họ ghé qua để chơi.
"Think of any number from one to ten.",Hãy nghĩ một số bất kỳ từ một đến mười.
"It's time to go home.",Đã đến lúc về nhà rồi.
"Imagine the purple leaves.",Hãy tưởng tượng những chiếc lá màu tím.
"Get some ice cubes for the juice.",Lấy một ít cục nước đá cho nước trái cây.
"Get me two stones: one brown, the other white.","Lấy cho tôi hai cục đá: một nâu, một trắng."
"I will be swimming with the fish.",Tôi sẽ bơi cùng với cá.
"Watch closely!",Nhìn kỹ này!
"Let's go find some fruit.",Chúng ta hãy đi tìm một ít trái cây.
"Can we climb that tree?",Chúng ta có thể leo lên cái cây đó không?
"Yesterday was fun because we found that big rock.",Ngày hôm qua rất vui bởi vì chúng tôi đã tìm thấy tảng đá to đó.
"Let us finish this before the sun sets.",Chúng ta hãy làm xong việc này trước khi mặt trời lặn.
"I love having fruit in the afternoon.",Tôi thích ăn trái cây vào buổi trưa.
"When can you come out to play?",Khi nào bạn có thể đi ra chơi?
"I am always at home at weekends.",Tôi luôn ở nhà vào cuối tuần.
"You can be the best at anything you can imagine.",Bạn có thể trở thành người giỏi nhất trong mọi lĩnh vực mà bạn có thể nghĩ ra.
"It gets dark when the lights turn off.",Đèn tắt đi thì tối.
"Our dad gives us fruit every day.",Bố chúng tôi đưa trái cây cho chúng tôi hàng ngày.
"Animals sleep all the time.",Động vật lúc nào cũng ngủ.
"We all love playing games.",Tất cả chúng ta đều thích chơi trò chơi.
"We crossed the river with our bare feet.",Chúng tôi đã băng qua sông bằng chân trần.
"Place the fruit peel into the pile.",Bỏ vỏ trái cây vào đống kia.
"My feet got wet from the rain.",Chân tôi bị ướt vì mưa.
"I found two branches had fallen from the tree.",Tôi tìm thấy hai cành rơi xuống từ cái cây.
"The wolf howled all night.",Con sói đã hú suốt đêm.
"Let's give them another chance.",Chúng ta hãy cho họ một cơ hội nữa.
"Keep sight of where you are going.",Quan sát nơi bạn đang đến.
"I don't take sugar in my tea, thanks.","Tôi không uống trà có đường, cảm ơn."
"Feel free to visit me anytime.",Hãy cứ tự nhiên đến thăm tôi bất kỳ lúc nào.
"Her voice sounded so happy.",Giọng của cô ấy nghe rất hạnh phúc.
"We are going to clean everything up.",Chúng ta sẽ dọn dẹp mọi thứ.
"Let's meet at our tree house when the sun rises.",Hãy gặp nhau ở ngôi nhà cây của chúng ta khi mặt trời mọc.
"Can you make tea for us?",Bạn có thể pha trà cho chúng tôi không?
"I must follow my dream where ever it takes me.",Tôi phải theo đuổi ước mơ của mình dù nó có dẫn tôi đến đâu.
"We thanked our teacher for all her hard work.",Chúng tôi đã cảm ơn cô giáo của mình vì tất cả tâm huyết của cô.
"Let's get started right away.",Hãy bắt đầu ngay lập tức.
"Let everyone have what they want.",Hãy để mọi người có thứ họ muốn.
"The leaves are scattered all over the forest floor.",Lá cây vương vãi khắp mặt đất rừng.
"The fruits are all small and green.",Tất cả trái cây đều nhỏ và xanh.
"Would you please pour me a glass of the juice you made.",Bạn có thể rót cho tôi một cốc nước trái cây mà bạn pha không?
"The rabbits are enjoying their meal.",Lũ thỏ đang thưởng thức bữa ăn của chúng.
"Keep the windows slightly open.",Hãy để các cửa sổ mở hé.
"Who let the animals out?",Ai đã thả những con vật ra vậy?
"Try to remember what happened.",Cố gắng nhớ lại những gì đã xảy ra.
"I came here for you.",Tôi đã đến đây vì bạn.
"We both took a piece of fruit.",Cả hai chúng tôi đã lấy một miếng trái cây.
"We all sat watching the sun rise.",Tất cả chúng tôi đã ngồi ngắm mặt trời mọc.
"She is a very polite young girl.",Cô ấy là một cô gái trẻ rất lịch sự.
"Bring everything to me.",Hãy mang mọi thứ đến cho tôi.
"The birds chirped as they were fed.",Lũ chim kêu chiếp chiếp trong khi được cho ăn.
"I have a variety of different collections.",Tôi có nhiều bộ sưu tập khác nhau.
"Take care of your siblings.",Hãy trông nom anh chị em của bạn.
"We counted twelve branches in total.",Chúng tôi đã đếm được tổng cộng mười hai cành cây.
"Winter is coming.",Mùa đông đang đến.
"They love the snow so much.",Họ rất thích tuyết.
"I brought some rocks with me.",Tôi đã mang theo mấy cục đá.
"Every life is sacred.",Mọi sinh mạng đều quý giá.
"I can't run that fast.",Tôi không thể chạy nhanh đến vậy.
"The sun is shining quite brightly today.",Hôm nay mặt trời chiếu sáng khá rực rỡ.
"These berries are very fresh.",Những trái dâu này rất tươi.
"The sky is clear today.",Hôm nay bầu trời trong.
"There are many species of plants in the forest.",Có rất nhiều loài thực vật trong khu rừng.
"You can see dew on leaves early in the morning.",Bạn có thể nhìn thấy sương đọng trên lá vào sáng sớm.
"The land is filled with flowers.",Mặt đất được phủ bởi nhiều hoa.
"Look, there is a deer in the woods.","Nhìn kìa, có một con nai trong rừng."
"What kind of bird is this?",Đây là chim gì?
"The mountain is very steep, so be careful while climbing it.",Núi rất dốc nên hãy cẩn thận khi leo.
"Let's drink fresh water from the lake.",Chúng ta hãy uống nước ngọt ở hồ.
"The pond is filled with fish of all kinds.",Ao nước có rất nhiều loài cá.
"Flowers are in full bloom at this time of the year.",Hoa đang nở rộ vào thời điểm này trong năm.
"The weather gets beautiful in spring.",Thời tiết mùa xuân đẹp.
"Full moon occurs roughly once a month, except on a blue moon.","Trăng rằm xuất hiện khoảng một lần mỗi tháng, ngoại trừ hiện tượng trăng xanh."
"The sky is filled with stars tonight.",Bầu trời đêm nay có rất nhiều sao.
"I think I love all of the flowers around here.",Tôi nghĩ rằng tôi yêu thích tất cả những bông hoa quanh đây.
"I like to eat.",Tôi thích ăn.
"It's a beautiful view from the top of this mountain.",Quang cảnh nhìn từ đỉnh núi này thật đẹp.
"You should sing more often, you have such a beautiful voice.","Bạn nên hát thường xuyên hơn, bạn có giọng rất hay."
"We should dance together to this song.",Chúng ta nên nhảy cùng nhau theo bài hát này.
"The flower was usually found in the back of the forest.",Đóa hoa thường được tìm thấy ở phía lưng của khu rừng.
"The wind blew the leaves lying on the ground.",Gió đã thổi những chiếc lá nằm trên mặt đất.
"What are you bringing to eat on this adventure?",Bạn mang thứ gì để ăn trong chuyến phiêu lưu này vậy?
"The bird drank water from the lake.",Con chim đã uống nước từ hồ.
"Is it possible to swim with fishes in the sea?",Có thể nào bơi cùng cá ở biển hay không?
"Stars sparkle at night.",Các ngôi sao lấp lánh vào ban đêm.
"She has deep blue eyes.",Cô ấy có đôi mắt xanh dương sâu thẳm.
"Heavy mist covered the magical place from being seen.",Nơi cổ tích đó đã bị bao phủ bởi làn sương mù dày đặc.
"It will rain today.",Hôm nay trời sẽ mưa.
"Wild animals live out here.",Thú hoang sống ngoài này.
"Summer days are long and hot.",Ngày mùa hè nóng và kéo dài.
"The bee uses its beautiful wings to fly.",Con ong dùng đôi cánh xinh xinh của nó để bay.
"Light from the star twinkles at night.",Ngôi sao lấp lánh vào ban đêm.
"The sky is covered with heavy clouds today.",Hôm nay trời có nhiều mây.
"The bear living in the forest likes to eat everything.",Con gấu sống trong rừng thích ăn mọi thứ.
"The rock is extremely heavy.",Tảng đá cực kỳ nặng.
"Waves can be seen from the beach.",Từ bãi biển có thể nhìn thấy những con sóng.
"Do you like reading the tree rings?",Bạn có thích xem vòng tuổi của cây không?
"The duck swims in the pond.",Con vịt bơi lội trong ao.
"He plays the flute very well.",Anh ấy thổi sáo rất tốt.
"She lives in a big beautiful house.",Cô ấy sống trong một ngôi nhà to đẹp.
"Red berries are the ripe ones.",Dâu đỏ là dâu chín.
"The green grass covered the lawn.",Cỏ xanh phủ kín bãi đất.
"The sky is clear and blue in summer.",Bầu trời mùa hè trong xanh.
"These berries are freshly picked from the tree.",Những quả dâu này mới được hái từ cây.
"The forest floor hides many little animals.",Thảm rừng là nơi ẩn náu của rất nhiều động vật nhỏ.
"Birds have the ability to fly.",Chim có khả năng bay.
"This mountain will lead you to view number two.",Ngọn núi này sẽ dẫn bạn đến xem số hai.
"Wolves have a strong sense of smell.",Sói có khứu giác tốt.
"All the trees are covered in snow in winter.",Tất cả cây cối bị tuyết che phủ vào mùa đông.
"How many members are there in your family?",Gia đình bạn có bao nhiêu người?
"Children like to build stuff when they are on the beach.",Trẻ con thích xây cát trên bãi biển.
"He stayed in the cool and dark cave to avoid getting wet in the rain.",Anh ấy đã ở trong một cái hang lạnh và tối để tránh mưa ướt.
"Let's play hide and seek, it will be fun.","Chơi trốn tìm đi, sẽ vui lắm."
"What are you making tonight?",Bạn đang làm gì tối nay?
"I love my family.",Tôi yêu gia đình.
"The food from the forest was delicious.",Thức ăn trong rừng rất ngon.
"How often does a bird flap its wings?",Chim vỗ cánh nhanh cỡ nào?
"It is very important to stay warm in winter.",Rất cần giữ ấm vào mùa đông.
"My best friend gave me a piece of fresh fruit.",Bạn thân nhất của tôi đã cho tôi một món trái cây tươi.
"Flowers blossom on the tree every spring.",Cái cây nở hoa mỗi mùa xuân.
"I often dream about magical creatures at night.",Tôi thường mơ về những sinh vật cổ tích vào ban đêm.
"The land was filled with short bushes.",Những bụi cây thấp phủ kín vùng đất.
"Sweet juice is a very refreshing treat on a hot day.",Nước trái cây ngọt lịm là một thức uống giải khát rất đã vào ngày nóng.
"The gold glimmered in the dark.",Vàng le lói trong bóng tối.
"Water bubbles when it boils.",Nước nổi bong bóng khi sôi.
"People of this town are very nice and helpful.",Người dân thị trấn này rất tốt bụng và hay giúp người.
"Animals have a very special place in my heart.",Động vật có một vị trí rất đặc biệt trong trái tim tôi.
"Fully ripened berries are sweet and delicious.",Những trái dâu đã chín hẳn rất ngon và ngọt.
"The bird has a nest on the branch of this tree.",Con chim có một cái tổ trên một nhánh của cây này.
"This short path will get you to the hill in no time.",Đường tắt này sẽ dẫn bạn lên đồi rất nhanh.
"Are you free this afternoon?",Bạn có rảnh trưa nay không?
"Insects often live in humid climates.",Côn trùng thường sống trong khí hậu ẩm.
"You should come the tall tree and meet me sometimes.",Thỉnh thoảng bạn nên tới cái cây cao để gặp tôi.
"This is a very special plant.",Đây là một cái cây rất đặc biệt.
"The flowers dance in the shiny weather.",Những bông hoa đung đưa trong tiết trời nắng đẹp.
"Sky in is a seemingly never-ending vastness.",Bầu trời dường như rộng lớn vô tận.
"The ever so bright sun is glimmering in the open blue sea.",Mặt trời chói lóa đang lấp lánh trên mặt biển khơi xanh.
"The sun is starting to set.",Mặt trời đang bắt đầu lặn.
"As the day is at its brink and the night is about to break.",Khi ngày sắp bắt đầu thì màn đêm cũng sắp qua.
"The leaves of the tree.",Những chiếc lá của cái cây.
"The bright sunshine warms the rabbit as it begins to sleep.",Ánh nắng chói chang sưởi ấm con thỏ trong khi nó bắt đầu ngủ.
"The river clashes with the rocks fiercefully.",Nước sông đập mạnh vào những tảng đá.
"The cool breeze makes the bird dance in the wind.",Cơn gió mát khiến con chim bay lượn tung tăng.
"The raindrops look like silver gems scattering across the land.",Những giọt nước mưa trông như những viên đá bạc rơi khắp mặt đất.
"The wolf wags his tail as he gets patted.",Con sói vẫy đuôi khi nó được vỗ về.
"The land is filled with cool looking flowers.",Mặt đất có đầy những bông hoa lạ mắt.
"The squirrels relax as the warm sunlight approaches.",Những con sóc thư giãn khi ánh nắng ấm tiến gần.
"It is a field of aromatic flowers.",Đó là một cánh đồng đầy hoa thơm.
"The fish playfully travel the tides of the ocean.",Con cá chơi đùa cùng thủy triều của đại dương.
"The deer grazes as the sun dawns.",Con nai gặm cỏ khi mặt trời mọc.
"The dry autumn leaves crunch as I walk through.",Những chiếc lá khô mùa thu vỡ lách tách khi tôi bước qua.
"The wolf relaxes as the day dusks.",Con sói thư giãn lúc hoàng hôn.
"The herd of elk sleeps as the day ends in the tranquil countryside.",Bầy nai sừng xám đi ngủ vào cuối ngày ở vùng nông thôn yên bình.
"He is as calm as the fields of the countryside.",Anh ấy tĩnh lặng như những cánh đồng vùng nông thôn.
"The bees buzz in the scorching summer heat.",Lũ ong kêu vo vo trong cái nóng như đổ lửa của mùa hè.
"The juicy berries grow in the bushes.",Những trái dâu mọng nước mọc trong bụi cây.
"The bird flaps her wings as the sudden breeze touches her.",Con chim vỗ cánh khi làn gió bất ngờ thổi vào nó.
"The birds take shed in the trees as the hot sunlight approaches them.",Những con chim trú ngụ dưới cây khi ánh nắng mặt trời đến gần chúng.
"The bird moves rhythmically as the drops of rain pats her.",Con chim di chuyển nhịp nhàng khi những hạt mưa rơi vào chúng.
"The school of fish swims around as the tides rise.",Đàn cá bơi xung quanh khi thủy triều dâng.
"The ducks dance in the sweet spring.",Lũ vịt nhảy múa trong tiết trời xuân tươi đẹp.
"The rainbow reveals itself as the rain stops.",Cầu vồng ló rạng khi tạnh mưa.
"The owl stares at the moon in the lonely night sky.",Con cú nhìn mặt trăng dưới bầu trời đêm cô quạnh.
"The rocks act as a pillow to the lazy grizzly bears.",Những tảng đá giống như chiếc gối đối với những con gấu xám lười nhác.
"The wind takes away the seeds from the trees.",Cơn gió cuốn đi những hạt mầm từ cây.
"The rabbit eats the food peacefully.",Con thỏ đang ăn một cách bình thản.
"Snow chills the animals as winter approaches.",Tuyết khiến các con vật thấy lạnh khi mùa đông đến gần.
"Reptiles crawl in the wet forest floor.",Loài bò sát bò trên thảm rừng ẩm ướt.
"The bird weaves its nest as the spring approaches.",Con chim làm tổ khi mùa xuân đến gần.
"The wolves howl in the moonlight.",Những con sói hú dưới ánh trăng.
"The eagle rises above the clouds as it rains.",Con đại bàng bay lên trên tầng mây khi trời mưa.
"Are you able to come aboard at this moment?",Bạn có thể lên tàu lúc này không?
"We made plans about how to best see the stars.",Chúng tôi đã lên kế hoạch về cách quan sát sao trời tốt nhất.
"He didn't know I was watching from above.",Anh ấy không biết rằng tôi đang quan sát từ bên trên.
"How can you get across this river so quickly?",Làm thế nào bạn vượt qua con sông này nhanh như vậy?
"I couldn't see after the dirt got in my eyes.",Tôi đã không nhìn được khi bụi bay vào mắt.
"She pushed against the tree with all her strength.",Cô ấy đã đẩy cái cây bằng hết sức lực.
"Would you have brought me along otherwise?",Nếu khác đi bạn có đưa tôi đi cùng không?
"Will you be among those in the forest?",Bạn sẽ ở giữa những thứ đó trong khu rừng ư?
"I don't want to be around when she arrives.",Tôi không muốn có mặt khi cô ấy đến.
"He doesn't move as quickly as she does.",Anh ấy di chuyển không nhanh bằng cô ấy.
"We could have traveled at a slower pace.",Chúng tôi có thể đã di chuyển chậm hơn.
"What you see before you is a huge animal.",Trước mắt bạn là một con vật khổng lồ.
"Why won't you get behind her?",Vì sao bạn không ra đằng sau cô ấy?
"She wanted me to go down below.",Cô ấy đã muốn tôi đi xuống thấp.
"Beneath the tree, an animal just woke up.","Dưới cái cây, một con vật vừa mới thức dậy."
"She had been beside him for the entire journey.",Cô ấy đã ở bên anh ấy trong suốt hành trình.
"I'll decide between staying here and going home.",Tôi sẽ quyết định ở lại đây hay về nhà.
"He refuses to help anyone beyond his own family.",Anh ấy từ chối giúp bất kỳ người nào ngoài gia đình của anh ấy.
"I would swim, but it is too early in the day.",Tôi sẽ bơi nhưng lúc đó quá sớm.
"You might be able to find her by the river.",Bạn có thể tìm được cô ấy bên sông.
"Despite the weather, I will get there on time.","Bất chấp thời tiết, tôi sẽ đến đó đúng giờ."
"If you keep jumping up and down, she will leave.","Nếu bạn cứ nhảy tưng tưng, cô ấy sẽ bỏ đi."
"It's difficult to swim at such a wild storm.",Rất khó để bơi trong cơn bão mạnh như vậy.
"Don't say anything except that you love him.",Đừng nói bất kỳ điều gì ngoại trừ nói bạn yêu anh ấy.
"She would have made food for you if you'd asked.",Cô ấy sẽ làm đồ ăn cho bạn nếu bạn yêu cầu.
"They walked from the forest to the river.",Họ đã đi từ khu rừng ra con sông.
"He's worried that we've been in the forest for too long.",Anh ấy đã lo chúng ta ở trong rừng quá lâu.
"Can you believe that a rock is inside this fruit?",Bạn có tin được rằng trong quả này có một cục đá không?
"If she turns him into an animal, I will save him.","Nếu cô ấy biến anh ta thành một con vật, tôi sẽ cứu anh ấy."
"It was like the entire forest had suddenly stopped.",Lúc đó như thể toàn bộ khu rừng đột nhiên dừng lại.
"She had been near death several times",Cô ấy đã cận kề cái chết nhiều lần.
"He doesn't want us to be next to him again.",Anh ấy không muốn chúng ta ở cạnh anh ấy một lần nữa.
"Several friends have forgotten how to swim.",Một số người bạn đã quên cách bơi.
"I strayed off the path despite his orders.",Tôi đã lạc đường bất chấp những lệnh của anh ấy.
"He found us on his way home from the river.",Anh ấy đã tìm thấy chúng tôi trên đường anh ấy về nhà từ con sông.
"I don't know how we got onto this topic.",Tôi không biết làm thế nào chúng ta lại nói về chủ đề này.
"You should get out of the river before sunset.",Bạn nên lên khỏi con sông trước khi mặt trời lặn.
"The animals would have flown over the forest.",Những con vật đáng lẽ đã bay qua khu rừng.
"If you can't swim, you shouldn't go past this river.","Nếu bạn không bơi được, bạn không nên đi quá con sông này."
"As per the king's orders, you must leave this village.","Theo lệnh của nhà vua, bạn phải rời khỏi làng này."
"Plus, we can't stay here if you are also here.","Ngoài ra, chúng tôi không thể ở lại đây nếu bạn cũng ở đây."
"I will talk more regarding this matter.",Tôi sẽ nói thêm về vấn đề này.
"Have you seen a large rock 'round here?",Bạn có nhìn thấy một tảng đá lớn quanh đây không?
"She would climb it save for the fact that she is too short.",Cô ấy sẽ trèo lên nó nếu cô ấy không quá thấp.
"He has gotten weaker since I last saw him.",Anh ấy đã yếu hơn kể từ lần cuối cùng tôi gặp anh ấy.
"I would rather eat fruit than meat.",Tôi thà ăn trái cây hơn thịt.
"Maybe this time they will get through to her.",Có lẽ lần này họ sẽ liên lạc được với cô ấy.
"I will keep jumping till they tell me to stop.",Tôi sẽ tiếp tục nhảy cho đến khi họ bảo tôi dừng lại.
"Do we want them to give this to us?",Chúng ta có muốn họ đưa cho chúng ta cái này không?
"They can either move toward the sea or go home.",Họ có thể ra biển hoặc về nhà.
"The queen will find a rock under some leaves.",Hoàng hậu sẽ tìm thấy một cục đá bên dưới những chiếc lá.
"He wished he could rest underneath the tree.",Anh ấy ước gì có thể nghỉ ngơi bên dưới cái cây.
"It is unlike anything I have ever seen.",Nó không giống bất kỳ thứ gì tôi đã từng nhìn.
"She likes to swim until the sunset.",Cô ấy thích bơi cho đến khi hoàng hôn.
"What goes up must come down.",Có lên thì phải có xuống.
"She used to love gazing upon the water.",Cô ấy đã từng thích ngắm mặt nước.
"We argued about the forest versus the river.",Chúng tôi đã tranh luận so sánh khu rừng và con sông.
"Tomorrow morning, I will have traveled via boat.","Sáng ngày mai, tôi sẽ di chuyển bằng thuyền."
"If I were with him, I would annoy him.","Nếu tôi ở cạnh anh ấy, tôi sẽ khiến anh ấy khó chịu."
"There was a wild animal deep within the cave.",Có một con thú hoang ở sâu trong hang.
"I shouldn't have left without eating first.",Tôi đã không nên rời đi mà chưa ăn.
"If you had taken another step, I would have laughed. ","Nếu bạn bước thêm một bước nữa, tôi đã bật cười. "
"Any of the animals could have done this.",Bất kỳ con vật nào cũng có thể đã làm chuyện này.
"She used to love anyone who gave her food.",Cô ấy đã từng yêu mến bất kỳ ai cho cô ấy thức ăn.
"Does he think I had anything to do with that?",Anh ấy có nghĩ rằng tôi có quan hệ gì với điều đó không?
"If you could go anywhere, where would you go?",Nếu bạn có thể đi đến bất kỳ nơi nào thì bạn sẽ đi đâu?
"Both of us should dance instead of one.",Cả hai chúng ta nên nhảy thay vì một người.
"Please be certain before you run there.",Hãy chắc chắn trước khi bạn chạy đến đó.
"Each child should give and receive one gift.",Mỗi đứa trẻ cần tặng và nhận một món quà.
"I thought she was either one or two years old.",Tôi đã nghĩ rằng bé gái khoảng một hoặc hai tuổi.
"This is more than enough for her birthday.",Cái này là quá đủ cho sinh nhật của cô ấy.
"She waited for us every day that we were gone.",Cô ấy đã đợi chúng tôi mỗi ngày khi chúng tôi đi xa.
"He will say everyone has water if you ask.",Anh ấy sẽ nói rằng mọi người đều có nước nếu bạn hỏi.
"Everything in the forest is green today.",Hôm nay mọi vật trong rừng đều có màu xanh.
"Has she been everywhere in the world?",Cô ấy đã từng đi khắp nơi trên thế giới ư?
"There are few people I do not know here.",Chỉ có một vài người ở đây là tôi không biết.
"This is the last time I will ever climb this tree.",Đây là lần cuối cùng tôi trèo cái cây này.
"She will expect at least five gifts tomorrow.",Cô ấy hy vọng nhận được ít nhất năm món quà ngày mai.
"Why do I have less water than she does?",Vì sao tôi có ít nước hơn cô ấy?
"There is little that he cannot do.",Chẳng có mấy việc mà anh ấy không thể làm.
"I have many doubts about your new plan.",Tôi rất hoài nghi về kế hoạch mới của anh.
"She climbs trees more than he does. ",Cô ấy trèo cây nhiều hơn anh ấy.
"That is the most pleased I've ever seen you.",Đó là sự hài lòng lớn nhất mà tôi từng thấy ở bạn.
"Much of my life has been full of happiness.",Đa phần cuộc đời tôi tràn đầy hạnh phúc.
"Neither person had seen the mountains before.",Không ai trong hai người từng trông thấy những ngọn núi đó trước kia.
"We cannot find the tree that is next to the river.",Chúng tôi không tìm thấy cái cây nằm bên cạnh con sông.
"There are no leaves on the trees this year.",Những cái cây không có chiếc lá nào trong năm nay.
"None of my friends are at home right now.",Không người bạn nào của tôi đang ở nhà cả.
"Nothing is wrong with eating fruit.",Ăn trái cây không có gì sai.
"The forest is nowhere near the sea!",Khu rừng không hề gần biển một chút nào!
"We had only seen the forest once before.",Chúng tôi chỉ nhìn thấy khu rừng một lần trước đây.
"Hopefully several people show up today.",Hy vọng một vài người sẽ có mặt hôm nay.
"It takes some courage to climb such a tall tree.",Trèo một cái cây cao như vậy đòi hỏi sự can đảm nhất định.
"If somebody wants food, we will go to the forest.","Nếu ai đó muốn thức ăn, chúng tôi sẽ đi vào rừng."
"Is there something he wanted to say to them?",Anh ấy có điều gì muốn nói với họ không?
"They will find a home somewhere around here.",Họ sẽ tìm thấy một ngôi nhà ở đâu đó quanh đây.
"That is exactly what I am talking about!",Đó chính xác là điều tôi muốn nói!
"Whatever your favorite color is, mine is as well.",Màu sắc ưa thích của bạn là gì thì đó cũng là màu sắc ưa thích của tôi.
"She wouldn't remember which tree we visited.",Cô ấy sẽ không nhớ cái cây mà chúng tôi đã đến thăm.
"I will eat bread or fruit: whichever you prefer.","Tôi sẽ ăn bánh mì hoặc trái cây, bất kỳ món nào mà bạn thích."
"A river flows through the valley.",Một con sông chảy qua thung lũng.
"The setting sun reflecting off the water lights up the area with golden light.",Ánh sáng vàng từ mặt trời đang lặn phản chiếu qua mặt nước chiếu sáng khu vực.
"I sat on the rock and watched the sunset through the window.",Tôi đã ngồi trên phiến đá và ngắm nhìn hoàng hôn qua cửa sổ.
"He spent last time on a mountain.",Anh ấy đã dành dịp cuối cùng ở trên núi.
"The moon was appearing behind the clouds at the dark of midnight. ",Mặt trăng xuất hiện đằng sau những đám mây trong sự tối tăm của nửa đêm.
"A fresh layer of snow covered the path.",Một lớp tuyết mới đã che phủ con đường.
"The moon dangles low and large in the dark sky.",Mặt trăng to và thấp trên bầu trời đêm.
"The sun rose bright and fair, and the morning was without a cloud.",Mặt trời đã mọc rực rỡ và buổi sáng không có một gợn mây.
"At sunset, the sky shaded from pink into dark red.","Khi hoàng hôn, bầu trời đã chuyển từ màu hồng sang đỏ thẫm."
"Birds are singing in the tree.",Lũ chim đang líu lo trên cây.
"The bird landed gracefully on the water.",Con chim đã đáp xuống mặt nước một cách nhẹ nhàng.
"The grass was covered with frost in the early morning.","Sáng sớm, cỏ đã được phủ sương giá."
"The gentle rain was over, but drops were still falling from the trees.",Cơn mưa nhẹ đã tạnh nhưng nước mưa vẫn đang rơi từ trên cây xuống.
"The rainbow formed a beautiful arc in the sky.",Cầu vồng vẽ ra một vòng cung tuyệt đẹp trên bầu trời.
"That wide-eyed innocent look reminded him of a newborn baby.",Ánh mắt ngây thơ to tròn đó đã khiến anh ấy liên tưởng đến một đưa bé sơ sinh.
"The leaves were floating gently down the river.",Những chiếc lá đang trôi nhẹ theo dòng sông.
"She brought a handful of fruit from the forest.",Cô ấy đã mang một nắm trái cây rừng.
"The air around him was cold like it was being iced.",Không khí xung quanh anh ấy lạnh như băng.
"The bee came to dance on the flower.",Con ong đến nhảy múa trên bông hoa.
"Allow in a cool night breeze.",Để gió mát buổi đêm tràn vào.
"I have many far-off friends whom I never seen.",Tôi có nhiều người bạn xa cách mà tôi chưa bao giờ gặp mặt.
"I was glad to go back to the village to see my home and friends once more.",Tôi đã rất vui khi trở lại ngôi làng để nhìn thấy ngôi nhà và bạn bè của tôi một lần nữa.
"He has two younger siblings, a brother and a sister.","Anh ấy có hai người em, một trai và một gái."
"Mom placed a pot of brightly colored flowers on the table.",Mẹ đã đặt một chậu hoa tươi sáng lên bàn.
"She returned to the meadow and sat down on the grass.",Cô ấy đã trở lại cánh đồng và ngồi xuống cỏ.
"There was a small interesting rock beside the tree, on which there was a frog.","Có một hòn đá nhỏ thú vị ở bên cạnh cái cây, trên hòn đá có một con ếch."
"He used to go out with his friends every night.",Anh ấy đã từng đi chơi với bạn bè hàng đêm.
"Across the way, warm sun light showed through the dense forest.","Ở phía bên kia, ánh nắng ấm áp đã xuyên qua khu rừng rậm rạp."
"The way a butterfly flutters from flower to flower is graceful.",Cách bướm bay từ bông hoa này sang bông hoa khác thật duyên dáng.
"The flowers this year which bloomed in the early spring have stayed abundant.",Những bông hoa nở vào đầu xuân năm nay vẫn còn rất nhiều.
"He waded out of the water and laid his socks and shirt on a rock in the sun to dry.","Anh ấy đã lội ra khỏi nước, đặt đôi tất và áo của mình lên một tảng đá để hong khô dưới mặt trời."
"Our last halt was under a wild berry push a short distance from the lake.",Lần dừng cuối cùng của chúng tôi là dưới một cây dâu dại ở gần hồ.
"She looked up at the glowing clouds, from which snow had begun to fall again.","Cô ấy nhìn lên những đám mây phát sáng, nơi mà tuyết lại bắt đầu rơi xuống."
"Fruits of great variety are grown in the valley and foothills.",Nhiều loại trái cây phong phú được trồng ở thung lũng và chân núi.
"The country has a beautiful sandy beach.",Vùng quê có một bãi cát biển rất đẹp.
"She tossed her head back to stare at the stars.",Cô ấy đã ngẩng đầu để nhìn những vì sao.
"He was living on the hilltop with a flock of two hundred elk.",Anh đã sống trên đỉnh đồi với một đàn nai sừng xám gồm hai trăm con.
"The little boy was halfway to the lake when mom spoke to him.",Cậu bé đang nửa đường tới hồ thì người mẹ nói với cậu.
"A single gentle rain makes the grass many shades greener.",Một cơn mưa nhẹ cũng làm cho cỏ xanh rì bội phần.
"There was nothing dangerous about the forest, except snakes and insects.",Khu rừng không có gì nguy hiểm ngoại trừ rắn và côn trùng.
"Below the falls, a large beautiful rainbow gave color to the rising mist.","Dưới thác nước, một cầu vồng to tuyệt đẹp đã tô màu cho làn sương đang bay lên."
"Everything is ready for the forest walk.",Mọi thứ đã sẵn sàng cho chuyến đi rừng.
"He smelled the fragrance of wildflowers while walking on a path that led to the pond.",Anh ấy đã ngửi thấy hương thơm của những bông hoa dại trong khi đi theo con đường dẫn đến cái ao.
"The desert was basking in an orange sunset when they finally stopped.",Sa mạc đã nhuộm màu cam của hoàng hôn khi họ dừng chân cuối cùng.
"The birds flew to their nests in the evening.",Những con chim đã bay về tổ vào buổi tối.
"Water was dripping from the trees, and the land was wet.",Nước đang nhỏ giọt từ cây và đất thì ướt.
"Snow crunched under her feet and quickly soaked her gear.",Tuyết lạo xạo dưới chân cô ấy và nhanh chóng thấm vào vật dụng của cô ấy.
"It was at the beginning of winter.",Đó là vào đầu mùa đông.
"Nature was at her peak, blending the wild blooms with various shades of green.","Thiên nhiên lộng lẫy, hòa quyện những đóa hoa dại với nhiều sắc xanh khác nhau."
"It lies in a hilly well-wooded landscape above the valley of the small river.",Nó nằm trong một vùng đồi núi um tùm bên trên thung lũng có con sông nhỏ.
"The birds saw the little girl who was walking among the trees and flew down to greet her.",Lũ chim đã trông thấy cô bé đang đi giữa những cái cây và chúng sà xuống để chào cô bé.
"She glanced down at the bird's nest in her hand.",Cô ấy đã nhìn xuống cái tổ chim nằm trong tay mình.
"She studied the berry-like seeds that grew in a cluster at the top of the bush.",Cô ấy đã xem xét những hạt trông giống dâu mọc thành chùm trên bụi cây.
"The yard of the super old house was completely covered with plants, rocks, and animals.","Khu vườn của ngôi nhà cũ rích đã bị che phủ hoàn toàn bởi cây cối, đá sỏi và động vật."
"There was not a breath of wind to stir the young leaves on the trees.",Đã không có một ngọn gió nào để khuấy động những chiếc lá non trên cây.
"The climate is extremely hot and dry in summer, while the winter temperature is mild and pleasant.",Thời tiết cực kỳ khô nóng vào mùa hè còn nhiệt độ mùa đông thì dịu và dễ chịu.
"When traveling through the countryside you see many inspiring mountains, streams, valleys, and lakes.","Khi đi qua vùng quê bạn sẽ nhìn thấy nhiều ngọn núi, con suối, thung lũng và hồ nước đầy cảm hứng."
"It was so close to the sea that those who lived in it could hear the waves forever beating against the shore.",Nó ở rất gần biển nên những người sống ở đó có thể nghe thấy tiếng sóng liên tiếp vỗ bờ.
"The island is very picturesque with rolling green hills surrounded by glorious coastal scenery.","Hòn đảo đẹp như tranh vẽ với những ngọn đồi xanh chập chồng, bao quanh là phong cảnh bờ biển hùng vĩ."
"The ocean breeze brought that familiar scent back.",Cơn gió đại dương đã mang mùi hương thân quen đó trở lại.
"The warm sun shined on the tall powerful trees and drew out all their fragrance.",Mặt trời ấm áp chiếu sáng những cái cây cao lớn và gọi ra tất cả hương thơm của chúng.
"It was very pleasant out in the shady woods.",Cảm giác rất dễ chịu khi đi vào rừng có nhiều bóng râm.
"They were sitting around the fire and trying to keep each other warm.",Họ đã ngồi quanh đống lửa và cố gắng giữ ấm cho nhau.
"She opened her eyes and blinked at the sunlight streaming through the forest.",Cô ấy đã mở mắt rồi chớp mắt trước ánh sáng mặt trời đang rọi xuống khu rừng.
"An old man decides it's time to get a new rock for his collection.",Một ông già quyết định đã đến lúc tìm một hòn đá mới cho bộ sưu tập của mình.
"One day in spring, three men were riding together along a country road.","Một ngày mùa xuân, ba người đàn ông đang cưỡi ngựa cùng nhau dọc theo con đường quê."
"She walked for half an hour until the rain began to trickle through the tree tops.",Cô ấy đã đi bộ nửa tiếng cho đến khi mưa bắt đầu lọt qua những tán cây.
"The soothing sound of water running over stones greeted them as they neared the creek.",Âm thanh dịu dàng của nước chảy qua những tảng đá như chào đón họ khi họ tới gần con suối.
"The old creaking tree spread a blanket of shade in the grass beside the pond.",Cái cây già cỗi cọt kẹt đổ bóng xuống bãi cỏ bên cạnh cái ao.
"I love the beautiful spring because the budding trees and the blossoming flowers are so abundant.",Tôi thích mùa xuân tươi đẹp bởi vì cây cối đâm chồi và hoa nở rất nhiều.
"Whenever my aunt comes to visit, she brings some good gifts for my family.","Mỗi khi dì tôi đến thăm, dì lại mang những món quà hay đến cho gia đình tôi."
"He took his children far away to a green valley.",Anh ấy đã đưa lũ trẻ đi xa tới một thung lũng xanh.
"I am pleased because I love the warm sunshine and the fragrant flowers.",Tôi rất hài lòng bởi vì tôi yêu ánh nắng ấm áp và những đóa hoa ngát hương.
"After a while, they were riding around the side of a steep hill through tall grass.","Sau một lúc, họ đã cưỡi ngựa quanh sườn đồi dốc xuyên qua đám cỏ cao."
"Old meadows provide a home for many colorful plants.",Những cánh đồng cỏ cũ là nhà của rất nhiều loài cây sặc sỡ.
"The warm sun had melted most of the snow from the path.",Mặt trời ấm áp đã làm tan chảy hầu hết tuyết trên con đường.
"She glanced back over her shoulder at the huge rock on the hill.",Cô ấy đã ngoái nhìn tảng đá khổng lồ trên ngọn đồi.
"The sun peeked over the desert horizon to the east.",Mặt trời đã ló rạng ở phía đông chân trời sa mạc.
"Ahead was nothing but a narrow dirt path lined with mature trees and bushes.",Phía trước không có gì ngoài một con đường đất bẩn và hẹp với những hàng cây và bụi cây trưởng thành.
"We shall all live together in a small place near one of the lakes beyond the forest.",Tất cả chúng ta sẽ cùng nhau ở một nơi nhỏ bé gần một trong những hồ nước ngoài khu rừng.
"I took a scenic ride through the ever infinite land.",Tôi đã đi ngắm cảnh qua vùng đất bao la.
"He imagined the way the ocean breeze zipped straight into their tent.",Anh ấy đã tưởng tượng ra cảnh cơn gió đại dương lùa thẳng vào lều của họ.
"In the evening, we would walk in the yard and catch the grasshoppers and butterflies.","Vào buổi tối, chúng tôi đã thường đi dạo trong vườn, bắt châu chấu và bướm."
"The sun set too early on that autumn day.",Mặt trời đã lặn rất sớm vào ngày mùa thu đó.
"The valleys within the hill ranges are fragrant with aromatic shrubs.",Những thung lũng nằm giữa những ngọn đồi tỏa hương thơm từ những bụi cây.
"He skipped a stone across the pond.",Anh ấy đã lia một hòn đá trên mặt ao.
"She glanced up at her friend, who was sitting against a tree watching her.",Cô ấy đã ngước nhìn lên người bạn của mình đang ngồi tựa vào một cái cây để quan sát cô ấy.
"Have you ever seen a rainbow?",Bạn đã bao giờ nhìn thấy cầu vồng chưa.
"Yesterday, I had a chance to view a rainbow.","Ngày hôm qua, tôi đã có cơ hội để xem cầu vồng."
"The rainbow was far and high but neither thick nor full.",Cầu vồng ở cao và xa nhưng không dày và đầy đủ.
"I will be lucky to see a rainbow again.",Tôi sẽ rất may mắn nếu được nhìn thấy cầu vồng lần nữa.
"This evening we might see a beautiful double rainbow.",Tối nay chúng ta có thể được nhìn thấy cầu vồng kép rất đẹp.
"I heard the animals chewing grass.",Tôi đã nghe thấy tiếng những con vật đang nhai cỏ.
"I looked at the many birds along the path.",Tôi đã nhìn thấy rất nhiều con chim dọc theo con đường.
"The birds made short, high pitched sounds.",Lũ chim tạo ra những âm thanh ngắn và lanh lảnh.
"I was very tired after the long day deep in the forest.",Tôi đã rất mệt sau một ngày dài ở sâu trong khu rừng.
"We did not have enough energy to play games.",Chúng tôi đã không còn đủ sức để chơi trò chơi.
"Still, we were asked to see how far we could throw these rocks.",Tuy nhiên chúng tôi vẫn được yêu cầu xem chúng tôi có thể ném những hòn đá này bao xa.
"He loudly counted one, two, three to start the game.","Anh ấy đã đếm to một, hai, ba để bắt đầu trò chơi."
"We could dig some soil and build a mountain.",Chúng ta có thể đào một ít đất để làm một ngọn núi.
"We even jumped out because it was not very high.",Thậm chí chúng tôi đã nhảy ra ngoài bởi vì nó không cao lắm.
"I just felt that we must again go to this forest for another fun time.",Tôi thấy rằng chúng ta lại phải đến khu rừng này vào một dịp đi chơi khác.
"It was too late when we came back home.",Lúc đó đã quá muộn khi chúng tôi về nhà.
"Later in the calm of the night, when you get a chance.","Về sau trong cái tĩnh lặng của ban đêm, khi bạn có cơ hội."
"I also saw the moon in the sky.",Tôi cũng đã thấy mặt trăng trên bầu trời.
"The stars looked very small, yet they did flicker.",Những ngôi sao trông rất bé nhưng chúng lấp lánh.
"It's pretty hard to see stars on a cloudy day.",Khá khó để ngắm sao vào ngày nhiều mây.
"Where did the stars and the moon go?",Những ngôi sao và mặt trăng đã đi đâu rồi?
"I went to sleep late at night.",Tôi đã đi ngủ muộn vào buổi đêm.
"What a pretty rabbit it is!",Con thỏ trông thật xinh!
"She hopped out of her burrow.",Nó đã nhảy ra từ cái hang.
"Her eyes look all around eagerly.",Mắt nó đảo quanh một cách háo hức.
"She perches on her toes and keeps her ears sharp and steady.",Nó đứng nhón chân còn đôi tai nghe ngóng.
"There was a breeze, then the rain followed.",Đã có một cơn gió và sau đó trời đổ mưa.
"Like a hunter, she looks around.","Giống như một thợ săn, nó nhìn quanh."
"She licks her ears and rubs her paws.",Nó liếm tai và cọ móng vuốt của mình.
"Then there seemed to be gold in the rock.",Dường như có vàng trong cục đá.
"They do not stop or give up, and instead continue to go ahead.",Họ không dừng lại hay bỏ cuộc mà tiếp tục tiến về trước.
"Hence, they never stop, going on all day seemingly forever.",Vì vậy họ không dừng lại mà đi tiếp cả ngày dài dường như vô tận.
"The digging in the middle of the tunnel does not stop.",Việc đào bới ở giữa đường hầm không dừng lại.
"Even when one rabbit stops to rest, others take over and continue the process.",Ngay cả khi một con thỏ dừng để nghỉ thì những con khác sẽ làm tiếp.
"If it rains heavily, how can they continue?","Nếu trời mưa to, họ tiếp tục bằng cách nào?"
"Then they will have to stay home.",Thì họ sẽ phải ở nhà.
"It rains.",Trời mưa.
"What should I do next?",Tôi nên làm gì tiếp theo?
"The day is ending.",Ngày đang kết thúc.
"Sun is sinking and the moon is becoming visible.",Mặt trời đang lặn và mặt trăng đang lên.
"So, the rabbit has to take shelter and go to sleep.","Do đó, con thỏ phải trú và đi ngủ."
"It is still so dark.",Trời vẫn còn rất tối.
"I woke up from my sleep to see the next bright day.",Tôi tỉnh ngủ và thấy ngày mới bừng sáng.
"I wonder why you hardly ever see that in real life.",Tôi thắc mắc vì sao bạn hiếm khi nhìn thấy cái đó trên thực tế.
"I told my friends about my dream.",Tôi đã kể với bạn bè về giấc mơ của tôi.
"The sun rises and falls in a seemingly endless cycle.",Mặt trời mọc rồi lặn trong một chu kỳ tưởng chừng vô tận.
"Finally, there is no more moon for us to see.",Cuối cùng thì không còn mặt trăng để chúng ta nhìn nữa rồi.
"Where did the moon go?",Mặt trăng đã đi đâu?
"What is left but a tree containing endless fruit?",Có gì còn lại ngoài một cái cây với vô số quả?
"Yes please, let's do it!","Đúng vậy, hãy cùng làm đi!"
"Okay, if you think that is the best path.","OK, nếu bạn cho rằng đó là con đường tốt nhất."
"The bird seems to be flying upside down.",Con chim dường như bay ngửa.
"I don't see why that tree needs to be so tall.",Tôi không hiểu vì sao cái cây đó cần cao đến vậy.
"I often lose myself in the beauty of the forest.",Tôi thường bị hớp hồn bởi vẻ đẹp của khu rừng.
"Since we last walked here, the tree has grown by quite a lot.","Kể từ lần cuối chúng ta đi đến đây, cái cây đã phát triển khá nhiều."
"However, it would be a lot more interesting to just jump in ourselves.","Tuy nhiên, sẽ thú vị hơn nhiều nếu chúng ta tự nhảy vào."
"This is basically the way trees grow.",Về căn bản đây là cách cây phát triển.
"Put in a good word for me.",Hãy nói tốt giúp tôi.
"We will be together until the end.",Chúng ta sẽ ở bên nhau cho đến cuối cùng.
"I love late night walks.",Tôi thích đi dạo vào ban đêm.
"Will you love me forever?",Bạn sẽ mãi yêu tôi chứ?
"She loves the color of the sky in the early morning.",Cô ấy thích màu sắc bầu trời sáng sớm.
"The tree has black leaves, long, slender, and beautiful.","Cái cây có lá cây màu đen, mỏng, dài và đẹp."
"Flowers roses grew all around the house.",Những đóa hồng đã mọc quanh ngôi nhà.
"Look at that clear blue sky!",Hãy trông bầu trời trong xanh kia!
"Purple flowers everywhere!",Hoa tím ở mọi nơi!
"The way he moved, he made it look so easy.",Cách anh ấy di chuyển trông thật giản đơn.
"The rain was falling down hard.",Cơn mưa đã trút xuống.
"How high can trees grow amongst other trees in the forest?",Cây có thể mọc cao bao nhiêu giữa những cây khác trong rừng?
"Lower your voice.",Hạ giọng của bạn xuống.
"I was living on a big piece of land when I was young.",Tôi đã sống trên một mảnh đất rộng khi tôi còn nhỏ.
"That tree is pretty darn big.",Cái cây đó khá là to.
"My imagination runs wild sometimes.",Đôi khi tôi tưởng tượng ra những điều hoang đường.
"The forest was full of wild flowers.",Khu rừng ngập tràn những bông hoa dại.
"The lake is calm today.",Hồ nước hôm nay rất tĩnh lặng.
"Sitting still helps me stay calm when I am having a bad day.",Ngồi yên một chỗ giúp tôi bình tâm khi tôi có một ngày tệ hại.
"We wanted to get closer to the wild animals because they were so beautiful.",Chúng tôi đã muốn tiến gần hơn đến những con thú hoang bởi vì chúng rất đẹp.
"Don't stand so close to the fire.",Đừng đứng quá gần ngọn lửa.
"The storm is far away from here thankfully.",Rất may cơn bão ở xa đây.
"This is the oldest tree on the land.",Đây là cái cây già nhất ở vùng đất này.
"This forest is full of very old trees.",Khu rừng này đầy rẫy những cây cổ thụ.
"The season is currently changing, as you can see since the leaves are getting brown.",Mùa đang thay đổi bởi vì bạn có thể nhìn thấy lá cây đang chuyển nâu.
"It was as hard as rock.",Nó cứng như đá.
"Sun is a huge source of energy.",Mặt trời là một nguồn năng lượng khổng lồ.
"She felt energy rushing through her.",Cô ấy cảm thấy năng lượng tràn qua cơ thể cô ấy.
"If you follow this dirt path that way, you will reach a small forest.","Nếu bạn đi theo con đường đất này về lối đó, bạn sẽ đến một khu rừng nhỏ."
"I have good feeling about this.",Tôi có linh cảm tốt về cái này.
"My father is a really good man.",Cha tôi là một người đàn ông rất tốt.
"What is your sibling's name?",Tên anh chị em của bạn là gì?
"Go to sleep, sweet child.",Đi ngủ đi con yêu.
"Family matters.",Gia đình là quan trọng.
"Welcome to our small but loving family.",Chào mừng đến với gia đình nhỏ nhưng giàu tình thương của chúng tôi.
"Peace be with you, friend.",Chúc bạn bình an.
"One kiss, one hug and one smile is all that it takes.","Một nụ hôn, một cái ôm và một nụ cười là tất cả những gì cần đến."
"For two years I dreamed of climbing that mountain.",Trong hai năm tôi đã mơ ước được leo ngọn núi đó.
"Knock three times.",Gõ ba lần.
"Where is your favorite place?",Nơi ưa thích của bạn là gì?
"He jumped around the field, trying to catch a butterfly.",Anh ấy đã nhảy quanh cánh đồng cố gắng bắt một con bướm.
"We need to dig a hole and plant this seed.",Chúng ta cần đào một cái hố và trồng hạt giống này.
"Do you have a plan for the adventure?",Bạn có kế hoạch cho cuộc phiêu lưu không?
"I could hear interesting sounds like a song traveling through the night across the beautiful sea.",Tôi đã có thể nghe thấy những âm thanh thú vị tựa như một bài ca bay qua màn đêm vượt qua vùng biển tuyệt đẹp.
"If you look carefully around you, you will find beauty everywhere.","Nếu bạn quan sát kỹ xung quanh, bạn sẽ thấy vẻ đẹp ở mọi nơi."
"Who do you see in the lake?",Bạn nhìn thấy ai trong hồ nước?
"Come and find me.",Hãy đến và tìm tôi.
"Find your true path.",Tìm con đường đúng đắn của bạn.
"She could not resist the call of the wild.",Nó đã không thể cưỡng lại tiếng gọi nơi hoang dã.
"Call me tomorrow.",Hãy gọi cho tôi vào ngày mai.
"I hope so too.",Tôi cũng hy vọng thế.
"Aside from being pretty, this flower is also rare.","Ngoài đẹp, bông hoa này còn hiếm nữa."
"Rain is falling once again.",Trời lại đang mưa.
"We must leave, otherwise we will snowed in.","Chúng ta phải rời đi, nếu không sẽ bị mắc kẹt bởi tuyết."
"It is very cold outside, hence I am wearing a coat.",Ngoài trời rất lạnh nên tôi đang mặc một chiếc áo khoác.
"This was a rich forest a while ago.","Cách đây một thời gian, đây đã từng là một khu rừng tươi tốt."
"Go straight ahead and you will find it.",Đi thẳng và bạn sẽ tìm thấy nó.
"She was hiding behind the giant bush.",Nó đang ẩn mình đằng sau bụi cây lớn.
"Birds are flying over the land.",Chim đang bay lượn trên vùng đất.
"I will plant a tree right here.",Tôi sẽ trồng một cái cây ngay tại đây.
"There are many animals in this forest.",Có rất nhiều loài động vật trong khu rừng này.
"What is all this?",Tất cả thứ này là gì?
"This is totally my favorite place.",Đây chắc chắn là địa điểm ưa thích của tôi.
"May I have some water please?",Tôi có thể xin một chút nước được không?
"How long will this storm last?",Cơn bão này sẽ kéo dài bao lâu?
"In the middle of the forest, you can see an old log rotting away into the ground.","Ở giữa rừng, bạn có thể nhìn thấy một khúc gỗ cũ đang mục nát vào đất."
"Sunrise is one of the beautiful parts of the day.",Bình minh là một trong những khoảng thời gian đẹp trong ngày.
"Let's stay here for an hour longer.",Chúng ta hãy ở đây hơn một tiếng.
"Every year I go and walk by the lake.",Hàng năm tôi lại đến đi bộ bên hồ.
"The bird is still sitting still on the branch.",Con chim vẫn đang đứng yên trên cành cây.
"Don't wander off too far.",Đừng lang thang xa quá.
"Tell me if you can see the moon tonight.",Hãy cho tôi biết nếu bạn có thể nhìn thấy mặt trăng đêm nay.
"I was eating the fruit but then I decided that I want to eat something else.",Tôi đang ăn trái cây nhưng rồi tôi đã quyết định tôi muốn ăn thứ khác.
"Who planted the big tree over there?",Ai đã trồng cái cây to đằng kia?
"What will happen to the grass when winter comes?",Điều gì sẽ xảy ra với cỏ khi mùa đông đến?
"I know where bunnies hide.",Tôi biết chỗ lũ thỏ trốn.
"I always wondered why water has no taste.",Tôi luôn thắc mắc vì sao nước không có vị gì.
"How did you sleep?",Bạn ngủ thế nào?
"Sometimes I like to travel far away from home.",Đôi lúc tôi muốn đi xa nhà.
"Love is not just a word.",Tình yêu không chỉ là lời nói.
"We must take care of this planet, to be honest.","Thành thật mà nói, chúng ta phải chăm sóc hành tinh này."
"If I plant five trees maybe at least one will grow.",Nếu tôi trồng năm cây thì ít nhất một cây sẽ phát triển.
"I never saw such wonderful river in my entire life.",Tôi chưa từng nhìn thấy một con sông đẹp đến như vậy trong đời.
"Over time, nature healed, and grass, trees and animals replaced the bare dirt.","Theo thời gian, tự nhiên đã hồi phục và cỏ cây muông thú đã thay thế mặt đất trơ trọi."
"Sundown is another beautiful part of my day.",Hoàng hôn là một khoảng thời gian đẹp khác trong ngày đối với tôi.
"I like to sit down on soft and bright green grass.",Tôi thích ngồi xuống cỏ mềm và có màu xanh sáng.
"Snow was falling all night and in the morning everything was white.",Tuyết đã rơi cả đêm và đến sáng mọi thứ đều màu trắng.
"Oceans are just too big!",Đại dương quá bao la!
"Seven years ago, I saw a huge owl right there.","Bảy năm trước, tôi đã trông thấy một con cú lớn ngay ở đó."
"We like swimming in the river.",Chúng tôi thích bơi trên sông.
"Stars shine bright tonight.",Đêm nay các ngôi sao rất sáng.
"A little wolf is playing with the wooden stick.",Con sói nhỏ đang chơi đùa với que gỗ.
"Sand on this beach is totally black.",Cát trên bãi biển này có màu đen tuyền.
"The light in the sky was blue and green, moving slowly, like magic.","Ánh sáng trên bầu trời có màu xanh lam và xanh lá, di chuyển chậm rãi, tựa cổ tích."
"I can see the trees growing along the shore.",Tôi có thể nhìn thấy những cái cây mọc dọc bờ biển.
"The air is crisp and fresh, and the night sky is clear.",Bầu không khí khỏe khắn và trong lành còn bầu trời đêm thì trong suốt.
"There is one last leaf left hanging from the barren tree.",Cái cây cằn cỗi còn một chiếc lá cuối cùng.
"This summer my family is going on a long walk around the lake.",Hè này gia đình tôi sẽ có một chuyến đi dài quanh hồ.
"One of his eyes was purple and the other one was blue.",Một mắt của anh ấy có màu tím và mắt còn lại có màu xanh lam.
"It seems like it used to rain almost every day when I was a child.",Có vẻ như ngày nào trời cũng mưa khi tôi còn nhỏ.
"The sea covers a larger part of the earth.",Biển bao phủ đa phần trái đất.
"The bushes surround the forest, creating a boundary that protects the landscape.","Những bụi cây bao quanh khu rừng, tạo nên một hàng rào bảo vệ quang cảnh."
"The bees love to suck on the nectar of flowers.",Lũ ong thích hút mật hoa.
"These type of red rocks are rarely found, you have to be extremeley patient while digging.","Những loại đá đỏ này rất khó tìm, bạn phải cực kỳ kiên nhẫn khi đào."
"Ocean waves were very high that day years back.",Sóng biển đã rất cao vào ngày đó cách đây nhiều năm.
"Dark clouds part, allowing the suns rays to enter once again.",Mây đen tan đi để tia nắng lại xuyên qua.
"Sunshine in the northern part of the country seems a lot different from the south.",Nắng ở miền bắc đất nước có vẻ rất khác so với miền nam.
"Shrubs are pretty much always seen growing all over the forest floor.",Những bụi cây gần như luôn mọc khắp nơi trên thảm rừng.
"Did you ever climb up that super tall hill behind that one tree?",Bạn đã bao giờ leo lên ngọn đồi siêu cao đằng sau cái cây đó chưa?
"It's too far, we cannot walk there now, it's too late.","Nó quá xa, chúng ta không thể đi bộ đến đó bây giờ, đã quá muộn rồi."
"I like making this place mine, keeping it clean and fresh for anyone who comes by.","Tôi thích biến nơi này thành của tôi, giữ nó sạch sẽ và tươi mới cho bất kỳ người nào ghé qua."
"Look, the fire is blue right now, that is so cool!","Nhìn kìa, ngọn lửa đang có màu xanh lam, thật là hay!"
"Have you ever tried making a fire all on your own?",Bạn đã bao giờ thử tự tạo lửa chưa?
"You never actually see trees growing, they grow too slowly.","Thực tế bạn chưa bao giờ nhìn thấy cây phát triển, chúng mọc rất chậm."
"And so I kept dreaming like it was real life.",Và thế nên tôi tiếp tục mơ như thể nó là thực.
